user_id,product_id,rating,timestamp
U001,P022,4.5,2024-04-21
U001,P025,4.5,2024-12-24
U001,P018,4.0,2024-07-07
U001,P027,4.0,2024-11-06
U001,P017,4.5,2024-02-28
U001,P006,4.0,2024-06-08
U001,P121,3.5,2024-10-23
U001,P002,3.5,2024-06-08
U001,P125,4.5,2024-12-12
U001,P004,4.5,2024-07-22
U001,P023,5.0,2024-04-11
U001,P015,3.5,2024-10-30
U001,P005,5.0,2024-11-17
U001,P003,4.0,2024-02-22
U001,P133,5.0,2024-06-03
U001,P016,5.0,2024-11-03
U001,P013,3.5,2024-10-16
U001,P033,1.0,2024-06-26
U001,P110,5.0,2024-08-07
U001,P050,3.5,2024-02-05
U001,P061,5.0,2024-11-27
U001,P047,3.5,2024-01-07
U001,P091,4.0,2024-09-07
U001,P116,1.5,2024-08-09
U001,P045,3.5,2024-11-21
U002,P030,4.0,2024-10-11
U002,P098,3.5,2024-09-21
U002,P032,4.0,2024-02-13
U002,P124,4.0,2024-07-27
U002,P038,4.5,2024-10-11
U002,P125,4.0,2024-12-19
U002,P121,4.5,2024-11-26
U002,P100,5.0,2024-09-08
U002,P145,4.5,2024-01-09
U002,P129,3.5,2024-05-30
U002,P091,4.0,2024-07-26
U002,P036,5.0,2024-05-04
U002,P097,4.0,2024-12-05
U002,P126,4.5,2024-07-07
U002,P023,4.5,2024-10-10
U002,P029,4.5,2024-06-25
U002,P035,4.5,2024-10-08
U002,P028,4.0,2024-06-29
U002,P095,5.0,2024-08-20
U002,P127,4.0,2024-06-05
U002,P039,4.0,2024-04-28
U002,P040,3.5,2024-04-08
U002,P033,4.0,2024-03-02
U002,P031,5.0,2024-10-01
U002,P021,5.0,2024-04-04
U002,P084,2.5,2024-04-20
U002,P062,4.5,2024-05-21
U002,P044,5.0,2024-11-01
U002,P083,3.0,2024-02-21
U002,P048,2.5,2024-05-31
U002,P066,2.5,2024-07-03
U002,P144,2.0,2024-06-03
U002,P054,1.0,2024-12-28
U002,P064,5.0,2024-03-05
U002,P056,3.0,2024-01-24
U002,P107,1.0,2024-10-10
U002,P120,3.0,2024-12-23
U003,P102,4.5,2024-11-12
U003,P007,4.0,2024-09-24
U003,P001,4.5,2024-08-18
U003,P107,4.5,2024-06-01
U003,P029,4.5,2024-08-07
U003,P101,4.0,2024-10-18
U003,P110,4.5,2024-01-31
U003,P099,4.5,2024-02-20
U003,P092,4.0,2024-11-16
U003,P022,4.0,2024-05-15
U003,P004,5.0,2024-02-11
U003,P027,4.0,2024-05-02
U003,P109,4.0,2024-10-09
U003,P008,3.5,2024-03-21
U003,P097,3.5,2024-07-28
U003,P003,4.5,2024-12-18
U003,P023,4.5,2024-08-28
U003,P026,4.0,2024-01-17
U003,P100,4.0,2024-05-27
U003,P132,5.0,2024-05-24
U003,P091,5.0,2024-08-20
U003,P133,3.5,2024-12-17
U003,P002,4.0,2024-05-15
U003,P005,5.0,2024-10-28
U003,P040,2.5,2024-08-05
U003,P149,1.5,2024-10-05
U003,P113,2.5,2024-11-27
U003,P059,2.0,2024-05-16
U003,P031,2.0,2024-02-06
U003,P052,1.0,2024-03-25
U003,P036,3.0,2024-10-31
U003,P112,3.0,2024-08-12
U003,P143,1.5,2024-08-27
U003,P074,3.0,2024-12-24
U003,P118,4.0,2024-05-19
U004,P112,4.0,2024-12-09
U004,P069,3.5,2024-03-23
U004,P016,4.0,2024-07-29
U004,P119,5.0,2024-09-10
U004,P013,4.0,2024-12-05
U004,P068,4.5,2024-10-08
U004,P061,3.5,2024-08-20
U004,P141,3.5,2024-06-10
U004,P057,4.0,2024-06-14
U004,P012,3.5,2024-07-25
U004,P142,4.5,2024-01-01
U004,P055,5.0,2024-10-04
U004,P117,4.5,2024-07-30
U004,P120,3.5,2024-04-06
U004,P058,4.5,2024-07-04
U004,P140,4.5,2024-09-12
U004,P052,5.0,2024-08-14
U004,P111,3.5,2024-04-14
U004,P131,4.0,2024-10-08
U004,P138,4.0,2024-05-27
U004,P118,4.5,2024-12-23
U004,P019,4.5,2024-03-03
U004,P034,1.0,2024-11-18
U004,P105,2.5,2024-12-29
U004,P086,2.0,2024-06-08
U004,P122,5.0,2024-01-08
U004,P093,5.0,2024-07-27
U004,P022,1.5,2024-04-25
U004,P091,1.5,2024-08-24
U004,P075,1.5,2024-11-27
U004,P083,2.0,2024-09-12
U004,P073,3.0,2024-09-17
U005,P067,4.5,2024-10-23
U005,P111,5.0,2024-09-07
U005,P143,4.0,2024-08-16
U005,P056,4.5,2024-09-04
U005,P070,4.0,2024-06-19
U005,P116,4.5,2024-10-05
U005,P020,4.5,2024-08-21
U005,P065,4.0,2024-04-06
U005,P053,5.0,2024-05-02
U005,P119,4.5,2024-07-15
U005,P113,4.0,2024-07-29
U005,P019,3.5,2024-06-11
U005,P015,5.0,2024-08-30
U005,P058,5.0,2024-07-14
U005,P144,4.5,2024-12-05
U005,P062,5.0,2024-03-18
U005,P150,4.5,2024-01-19
U005,P095,2.0,2024-09-14
U005,P045,3.5,2024-02-21
U005,P001,4.5,2024-02-21
U005,P047,5.0,2024-08-21
U005,P134,1.0,2024-03-14
U005,P049,4.0,2024-12-01
U006,P121,5.0,2024-05-27
U006,P037,4.0,2024-02-16
U006,P092,4.5,2024-02-20
U006,P130,5.0,2024-12-26
U006,P096,3.5,2024-08-15
U006,P026,4.0,2024-12-21
U006,P136,4.0,2024-01-15
U006,P125,3.5,2024-06-15
U006,P095,3.5,2024-05-30
U006,P091,4.0,2024-07-10
U006,P122,4.5,2024-03-15
U006,P090,2.5,2024-09-28
U006,P005,4.0,2024-10-16
U006,P110,2.0,2024-03-28
U006,P009,2.0,2024-02-10
U006,P051,4.0,2024-11-13
U006,P111,2.5,2024-09-11
U007,P035,4.0,2024-08-21
U007,P050,4.0,2024-04-11
U007,P136,4.5,2024-09-04
U007,P037,3.5,2024-05-01
U007,P147,4.5,2024-10-19
U007,P145,4.0,2024-10-21
U007,P021,4.0,2024-12-24
U007,P146,4.0,2024-01-12
U007,P039,5.0,2024-07-21
U007,P075,4.0,2024-01-05
U007,P031,4.5,2024-12-17
U007,P025,5.0,2024-01-26
U007,P049,4.5,2024-09-11
U007,P085,3.0,2024-04-27
U007,P116,3.5,2024-04-22
U007,P069,2.5,2024-11-13
U007,P122,3.0,2024-12-13
U007,P095,2.0,2024-11-17
U007,P129,1.5,2024-11-17
U008,P040,4.5,2024-09-13
U008,P049,4.0,2024-03-25
U008,P023,4.0,2024-09-03
U008,P078,4.0,2024-06-22
U008,P044,3.5,2024-08-27
U008,P029,3.5,2024-03-13
U008,P026,4.0,2024-12-12
U008,P039,5.0,2024-12-11
U008,P041,4.5,2024-10-12
U008,P047,4.0,2024-02-16
U008,P032,4.5,2024-01-08
U008,P056,3.0,2024-10-01
U008,P017,1.5,2024-08-20
U008,P142,3.5,2024-12-10
U008,P110,3.0,2024-10-26
U008,P087,4.0,2024-11-22
U009,P139,4.0,2024-09-09
U009,P055,3.5,2024-02-19
U009,P111,4.0,2024-10-02
U009,P012,4.0,2024-07-17
U009,P120,4.5,2024-07-08
U009,P116,5.0,2024-12-22
U009,P061,4.5,2024-08-02
U009,P140,4.5,2024-03-20
U009,P143,4.5,2024-12-01
U009,P015,3.5,2024-09-07
U009,P070,4.5,2024-07-27
U009,P060,4.0,2024-01-17
U009,P124,3.5,2024-04-21
U009,P083,4.5,2024-08-15
U009,P025,2.5,2024-07-04
U009,P028,1.5,2024-12-17
U009,P006,3.5,2024-10-05
U009,P005,3.5,2024-02-01
U010,P053,4.0,2024-11-01
U010,P018,3.5,2024-05-21
U010,P070,4.0,2024-03-07
U010,P016,4.5,2024-05-08
U010,P138,4.0,2024-02-26
U010,P054,5.0,2024-01-14
U010,P137,4.0,2024-01-08
U010,P131,4.0,2024-05-01
U010,P119,4.5,2024-06-14
U010,P012,3.5,2024-03-30
U010,P014,4.0,2024-01-27
U010,P062,4.0,2024-08-03
U010,P056,4.5,2024-02-28
U010,P019,5.0,2024-02-02
U010,P139,4.5,2024-08-17
U010,P015,4.0,2024-09-19
U010,P147,1.5,2024-08-19
U010,P101,5.0,2024-04-23
U010,P037,1.0,2024-12-03
U010,P106,5.0,2024-06-03
U010,P038,4.5,2024-11-25
U010,P040,1.0,2024-02-01
U010,P073,4.5,2024-07-24
U011,P007,3.5,2024-06-09
U011,P102,4.5,2024-06-09
U011,P099,5.0,2024-05-10
U011,P005,4.0,2024-03-19
U011,P006,5.0,2024-08-30
U011,P091,3.5,2024-02-16
U011,P109,3.5,2024-02-17
U011,P010,4.5,2024-02-19
U011,P133,5.0,2024-07-09
U011,P009,4.0,2024-10-11
U011,P028,3.5,2024-10-27
U011,P110,4.5,2024-10-14
U011,P095,4.0,2024-12-09
U011,P029,3.5,2024-07-29
U011,P025,4.0,2024-12-06
U011,P027,4.5,2024-01-27
U011,P030,4.0,2024-11-03
U011,P024,4.0,2024-06-29
U011,P004,3.5,2024-10-22
U011,P096,4.5,2024-04-18
U011,P093,4.0,2024-12-02
U011,P097,4.5,2024-04-24
U011,P104,3.5,2024-06-28
U011,P103,4.5,2024-07-07
U011,P105,3.5,2024-05-22
U011,P138,2.5,2024-08-07
U011,P048,5.0,2024-11-14
U011,P076,5.0,2024-01-14
U011,P078,3.0,2024-01-15
U011,P050,2.0,2024-05-19
U011,P073,3.0,2024-06-22
U011,P064,3.5,2024-01-04
U011,P079,2.0,2024-03-14
U011,P072,4.0,2024-02-05
U011,P074,2.0,2024-11-20
U011,P139,1.0,2024-02-16
U012,P014,4.5,2024-02-26
U012,P025,4.0,2024-12-13
U012,P027,5.0,2024-10-30
U012,P030,4.5,2024-09-26
U012,P022,5.0,2024-06-06
U012,P011,3.5,2024-04-22
U012,P024,4.5,2024-11-02
U012,P020,3.5,2024-01-04
U012,P021,4.0,2024-06-03
U012,P127,4.0,2024-03-11
U012,P129,4.0,2024-05-28
U012,P006,4.0,2024-03-02
U012,P004,3.5,2024-09-11
U012,P010,5.0,2024-08-08
U012,P135,4.0,2024-03-07
U012,P130,4.5,2024-09-29
U012,P128,5.0,2024-04-27
U012,P018,4.5,2024-10-13
U012,P015,5.0,2024-06-30
U012,P136,3.5,2024-07-22
U012,P144,5.0,2024-01-22
U012,P093,4.0,2024-01-10
U012,P108,4.5,2024-02-09
U012,P087,3.5,2024-10-21
U012,P084,4.0,2024-10-20
U012,P065,4.0,2024-12-29
U012,P058,4.0,2024-05-28
U012,P146,1.5,2024-07-26
U012,P096,1.0,2024-06-15
U012,P045,2.0,2024-11-12
U012,P075,4.5,2024-12-19
U013,P028,5.0,2024-02-28
U013,P007,4.5,2024-09-18
U013,P016,4.0,2024-06-27
U013,P144,4.0,2024-11-26
U013,P128,4.0,2024-04-30
U013,P026,3.5,2024-03-15
U013,P124,4.0,2024-04-11
U013,P006,4.0,2024-11-04
U013,P135,4.0,2024-12-01
U013,P020,3.5,2024-03-31
U013,P022,5.0,2024-09-09
U013,P059,4.5,2024-10-15
U013,P073,4.5,2024-12-14
U013,P149,3.5,2024-11-17
U013,P052,3.5,2024-03-18
U013,P040,4.5,2024-02-04
U013,P096,4.5,2024-08-14
U014,P028,5.0,2024-01-22
U014,P108,4.5,2024-10-19
U014,P004,5.0,2024-04-06
U014,P093,4.0,2024-11-05
U014,P103,4.5,2024-09-13
U014,P005,4.0,2024-02-01
U014,P030,4.5,2024-02-22
U014,P100,4.0,2024-12-31
U014,P099,3.5,2024-09-15
U014,P003,5.0,2024-03-29
U014,P134,3.5,2024-05-06
U014,P094,5.0,2024-08-12
U014,P029,4.5,2024-09-25
U014,P110,4.5,2024-11-08
U014,P091,4.0,2024-07-05
U014,P098,4.0,2024-05-24
U014,P032,4.0,2024-07-28
U014,P119,3.5,2024-12-13
U014,P117,1.0,2024-11-19
U014,P085,3.5,2024-02-03
U014,P070,3.5,2024-02-18
U014,P080,5.0,2024-12-13
U014,P115,4.0,2024-05-25
U014,P111,3.0,2024-12-02
U015,P092,5.0,2024-12-09
U015,P006,4.5,2024-09-17
U015,P108,4.0,2024-01-10
U015,P010,4.0,2024-06-07
U015,P093,4.0,2024-04-19
U015,P030,4.0,2024-09-05
U015,P096,4.0,2024-04-25
U015,P009,4.0,2024-03-20
U015,P135,3.5,2024-05-31
U015,P110,3.5,2024-09-16
U015,P095,4.5,2024-09-26
U015,P136,3.5,2024-12-04
U015,P134,4.0,2024-11-12
U015,P126,2.0,2024-11-01
U015,P130,4.0,2024-03-19
U015,P140,2.0,2024-04-02
U015,P128,2.0,2024-08-12
U015,P088,1.0,2024-07-29
U015,P032,3.5,2024-12-12
U016,P069,4.0,2024-11-05
U016,P120,4.0,2024-05-08
U016,P019,3.5,2024-11-24
U016,P141,4.5,2024-07-09
U016,P140,4.5,2024-02-22
U016,P144,5.0,2024-09-21
U016,P015,3.5,2024-05-25
U016,P115,3.5,2024-03-23
U016,P016,4.0,2024-08-18
U016,P020,4.5,2024-03-16
U016,P111,4.5,2024-02-16
U016,P013,4.0,2024-08-18
U016,P064,4.0,2024-01-14
U016,P117,4.5,2024-01-28
U016,P139,4.5,2024-09-14
U016,P090,3.5,2024-04-30
U016,P057,4.0,2024-02-11
U016,P079,3.5,2024-04-24
U016,P095,1.0,2024-06-12
U016,P098,1.5,2024-12-31
U016,P084,3.5,2024-03-15
U016,P041,2.0,2024-01-20
U017,P140,4.5,2024-01-09
U017,P019,5.0,2024-09-20
U017,P141,4.5,2024-05-03
U017,P111,5.0,2024-03-14
U017,P069,4.0,2024-08-07
U017,P120,3.5,2024-11-10
U017,P011,4.0,2024-05-03
U017,P016,4.5,2024-08-01
U017,P012,4.0,2024-12-06
U017,P057,5.0,2024-02-13
U017,P054,4.5,2024-07-03
U017,P020,3.5,2024-09-26
U017,P116,4.5,2024-09-16
U017,P114,4.5,2024-10-10
U017,P068,3.5,2024-07-18
U017,P018,4.5,2024-01-23
U017,P059,5.0,2024-07-17
U017,P056,4.0,2024-05-09
U017,P118,5.0,2024-01-09
U017,P014,4.0,2024-02-04
U017,P131,4.0,2024-05-03
U017,P041,1.5,2024-10-24
U017,P084,3.5,2024-03-09
U017,P122,1.0,2024-06-29
U017,P110,5.0,2024-06-22
U017,P089,2.0,2024-12-16
U017,P009,4.5,2024-12-22
U017,P025,4.5,2024-11-19
U017,P094,2.0,2024-03-10
U017,P107,1.5,2024-08-22
U018,P013,4.5,2024-07-16
U018,P003,4.0,2024-04-05
U018,P144,4.5,2024-12-20
U018,P143,4.5,2024-07-07
U018,P061,4.5,2024-05-16
U018,P020,3.5,2024-08-05
U018,P113,3.5,2024-08-08
U018,P066,4.5,2024-04-02
U018,P115,4.5,2024-05-30
U018,P111,4.0,2024-02-22
U018,P017,3.5,2024-06-16
U018,P141,5.0,2024-05-31
U018,P142,4.0,2024-08-16
U018,P019,4.5,2024-08-06
U018,P063,4.0,2024-12-19
U018,P004,4.5,2024-06-28
U018,P124,4.5,2024-01-22
U018,P073,3.5,2024-11-10
U018,P055,4.0,2024-05-20
U018,P036,1.0,2024-02-08
U018,P078,4.0,2024-07-05
U018,P086,5.0,2024-12-13
U018,P082,2.0,2024-01-16
U018,P148,2.0,2024-11-07
U019,P049,4.5,2024-05-26
U019,P023,5.0,2024-09-08
U019,P029,4.0,2024-03-03
U019,P025,4.0,2024-02-07
U019,P036,4.5,2024-03-29
U019,P044,5.0,2024-08-15
U019,P080,3.5,2024-12-15
U019,P045,4.0,2024-12-07
U019,P077,4.0,2024-12-29
U019,P147,3.5,2024-10-08
U019,P030,4.5,2024-05-28
U019,P148,4.0,2024-03-21
U019,P079,5.0,2024-12-29
U019,P073,5.0,2024-11-22
U019,P035,4.0,2024-07-04
U019,P078,4.5,2024-04-24
U019,P076,3.5,2024-04-12
U019,P039,4.0,2024-05-01
U019,P145,4.5,2024-01-14
U019,P037,4.0,2024-10-10
U019,P032,4.5,2024-07-07
U019,P033,4.5,2024-10-09
U019,P031,4.0,2024-11-09
U019,P041,3.5,2024-02-03
U019,P146,4.0,2024-07-22
U019,P028,5.0,2024-09-02
U019,P024,4.5,2024-07-29
U019,P021,4.5,2024-10-21
U019,P135,1.5,2024-03-05
U019,P054,3.5,2024-11-24
U019,P104,1.5,2024-08-18
U019,P107,4.5,2024-12-14
U019,P090,5.0,2024-06-25
U019,P112,2.0,2024-10-09
U019,P016,2.0,2024-03-07
U019,P064,4.0,2024-09-14
U019,P141,1.0,2024-03-04
U019,P131,5.0,2024-03-19
U019,P098,3.0,2024-03-25
U019,P058,2.0,2024-06-14
U020,P063,4.5,2024-06-21
U020,P114,4.5,2024-01-22
U020,P059,3.5,2024-02-11
U020,P016,3.5,2024-11-24
U020,P057,4.5,2024-05-15
U020,P053,5.0,2024-04-17
U020,P131,4.5,2024-08-01
U020,P116,4.5,2024-11-23
U020,P058,3.5,2024-09-11
U020,P019,5.0,2024-10-06
U020,P060,4.0,2024-11-24
U020,P115,4.0,2024-09-04
U020,P141,4.0,2024-12-16
U020,P113,4.5,2024-06-01
U020,P051,4.5,2024-02-07
U020,P106,1.0,2024-03-21
U020,P105,4.5,2024-07-31
U020,P030,4.5,2024-08-25
U020,P032,2.5,2024-06-23
U020,P125,2.0,2024-06-09
U020,P110,3.5,2024-06-25
U020,P134,4.0,2024-03-07
U021,P116,4.5,2024-09-15
U021,P017,4.5,2024-05-03
U021,P061,4.0,2024-10-25
U021,P056,4.0,2024-01-25
U021,P070,3.5,2024-05-24
U021,P018,4.5,2024-11-01
U021,P058,5.0,2024-12-10
U021,P069,4.5,2024-05-26
U021,P141,4.5,2024-01-05
U021,P020,3.5,2024-08-08
U021,P143,4.0,2024-05-15
U021,P014,5.0,2024-07-06
U021,P059,4.5,2024-07-06
U021,P065,3.5,2024-07-24
U021,P067,3.5,2024-10-18
U021,P131,4.5,2024-04-09
U021,P051,4.0,2024-10-10
U021,P142,4.0,2024-02-07
U021,P140,4.5,2024-09-15
U021,P117,4.5,2024-10-08
U021,P064,4.0,2024-11-15
U021,P071,1.5,2024-03-06
U021,P035,1.5,2024-07-20
U021,P147,3.5,2024-06-22
U021,P031,5.0,2024-07-06
U021,P094,2.0,2024-04-11
U021,P096,5.0,2024-07-24
U021,P090,5.0,2024-01-21
U021,P050,1.0,2024-01-20
U021,P003,2.0,2024-12-31
U021,P022,3.5,2024-08-30
U022,P030,3.5,2024-11-01
U022,P129,4.5,2024-05-15
U022,P123,5.0,2024-10-23
U022,P029,4.5,2024-04-26
U022,P091,5.0,2024-01-27
U022,P145,4.5,2024-09-02
U022,P031,4.0,2024-09-25
U022,P096,5.0,2024-11-13
U022,P040,4.5,2024-03-16
U022,P092,5.0,2024-05-04
U022,P136,3.5,2024-10-20
U022,P122,5.0,2024-02-26
U022,P093,4.0,2024-01-10
U022,P039,4.5,2024-06-09
U022,P146,4.5,2024-03-18
U022,P036,4.5,2024-12-19
U022,P097,4.0,2024-07-29
U022,P021,4.5,2024-11-09
U022,P032,4.5,2024-02-01
U022,P127,5.0,2024-03-11
U022,P117,5.0,2024-04-16
U022,P015,5.0,2024-06-15
U022,P074,4.5,2024-09-26
U022,P105,4.0,2024-06-09
U022,P060,2.0,2024-08-23
U022,P143,5.0,2024-06-24
U022,P133,5.0,2024-06-30
U022,P119,3.0,2024-11-08
U022,P111,4.5,2024-04-08
U023,P116,5.0,2024-02-10
U023,P060,4.0,2024-08-14
U023,P055,5.0,2024-05-11
U023,P143,5.0,2024-09-02
U023,P059,4.0,2024-04-13
U023,P054,4.5,2024-05-18
U023,P112,4.5,2024-12-22
U023,P061,4.0,2024-03-11
U023,P111,3.5,2024-11-11
U023,P063,5.0,2024-10-27
U023,P144,4.0,2024-05-04
U023,P058,3.5,2024-12-08
U023,P140,4.5,2024-04-25
U023,P018,5.0,2024-04-29
U023,P115,3.5,2024-02-21
U023,P065,4.5,2024-06-18
U023,P081,4.5,2024-02-21
U023,P075,2.0,2024-01-03
U023,P148,5.0,2024-03-21
U023,P029,4.0,2024-11-30
U023,P048,4.5,2024-09-01
U023,P006,2.5,2024-05-27
U023,P047,3.5,2024-05-26
U024,P026,3.5,2024-01-05
U024,P145,4.0,2024-10-17
U024,P077,4.5,2024-02-24
U024,P035,4.0,2024-05-25
U024,P075,4.5,2024-11-24
U024,P023,4.5,2024-09-25
U024,P032,4.5,2024-03-09
U024,P047,4.5,2024-08-27
U024,P079,4.0,2024-04-08
U024,P080,3.5,2024-06-18
U024,P046,4.0,2024-08-22
U024,P142,3.0,2024-04-05
U024,P104,1.0,2024-06-21
U024,P054,3.0,2024-10-17
U024,P137,2.5,2024-03-30
U024,P068,4.0,2024-08-06
U025,P006,4.0,2024-02-01
U025,P026,5.0,2024-03-01
U025,P134,4.5,2024-06-06
U025,P007,4.0,2024-07-26
U025,P012,5.0,2024-09-14
U025,P009,5.0,2024-06-08
U025,P121,5.0,2024-03-01
U025,P021,5.0,2024-05-31
U025,P016,4.0,2024-11-10
U025,P001,4.0,2024-04-22
U025,P017,4.0,2024-09-01
U025,P025,4.0,2024-08-20
U025,P132,5.0,2024-11-06
U025,P029,4.0,2024-07-31
U025,P018,5.0,2024-10-08
U025,P022,4.5,2024-10-02
U025,P020,5.0,2024-04-21
U025,P105,2.5,2024-12-14
U025,P138,1.5,2024-09-26
U025,P104,4.5,2024-09-27
U025,P032,3.5,2024-02-09
U025,P064,1.5,2024-02-01
U025,P114,5.0,2024-09-15
U025,P077,2.5,2024-10-20
U025,P119,5.0,2024-03-17
U026,P124,3.5,2024-04-21
U026,P029,4.5,2024-02-07
U026,P008,3.5,2024-08-04
U026,P135,4.0,2024-12-24
U026,P014,3.5,2024-10-04
U026,P128,3.5,2024-02-05
U026,P122,4.5,2024-01-17
U026,P006,4.0,2024-07-28
U026,P123,4.0,2024-03-10
U026,P143,5.0,2024-11-26
U026,P004,4.5,2024-07-10
U026,P030,4.5,2024-08-17
U026,P009,4.5,2024-07-11
U026,P132,3.5,2024-12-15
U026,P027,5.0,2024-10-03
U026,P141,4.0,2024-11-30
U026,P129,4.0,2024-03-01
U026,P102,2.0,2024-10-02
U026,P090,4.0,2024-09-27
U026,P117,2.0,2024-04-24
U026,P070,1.0,2024-01-12
U026,P138,3.0,2024-08-25
U026,P033,5.0,2024-08-05
U026,P081,5.0,2024-07-13
U026,P063,2.5,2024-05-06
U027,P020,4.0,2024-09-14
U027,P058,4.0,2024-04-29
U027,P053,5.0,2024-10-21
U027,P018,4.0,2024-10-22
U027,P013,4.5,2024-12-10
U027,P138,4.0,2024-05-01
U027,P067,4.0,2024-03-14
U027,P120,5.0,2024-09-23
U027,P012,4.0,2024-07-30
U027,P056,4.0,2024-05-20
U027,P054,3.5,2024-10-12
U027,P015,4.5,2024-03-30
U027,P017,5.0,2024-12-13
U027,P140,4.5,2024-10-11
U027,P069,4.5,2024-01-25
U027,P014,4.0,2024-11-25
U027,P137,5.0,2024-07-14
U027,P116,4.5,2024-06-12
U027,P082,4.0,2024-07-28
U027,P087,2.0,2024-06-02
U027,P040,4.0,2024-04-04
U027,P100,5.0,2024-08-30
U027,P038,2.5,2024-04-25
U027,P146,3.0,2024-12-28
U027,P149,2.0,2024-08-25
U027,P008,1.0,2024-10-14
U028,P126,4.0,2024-06-19
U028,P124,4.0,2024-01-08
U028,P009,4.0,2024-04-07
U028,P025,5.0,2024-03-01
U028,P016,5.0,2024-09-02
U028,P017,4.0,2024-12-22
U028,P014,4.5,2024-12-26
U028,P022,4.0,2024-07-22
U028,P006,4.0,2024-10-09
U028,P029,4.0,2024-05-24
U028,P024,4.5,2024-08-26
U028,P132,4.5,2024-11-28
U028,P125,4.0,2024-06-06
U028,P013,4.0,2024-07-03
U028,P004,4.5,2024-09-11
U028,P018,4.5,2024-02-20
U028,P141,5.0,2024-08-28
U028,P003,4.0,2024-04-14
U028,P028,4.0,2024-06-09
U028,P040,4.0,2024-01-24
U028,P055,2.5,2024-03-15
U028,P147,1.0,2024-05-13
U028,P106,5.0,2024-10-26
U028,P138,4.0,2024-05-31
U028,P116,2.0,2024-04-10
U028,P102,3.5,2024-04-27
U028,P058,4.0,2024-10-18
U028,P092,2.5,2024-09-12
U029,P135,4.0,2024-09-15
U029,P062,4.5,2024-07-10
U029,P017,3.5,2024-11-12
U029,P141,5.0,2024-12-07
U029,P112,4.5,2024-09-04
U029,P139,5.0,2024-09-06
U029,P133,3.5,2024-01-04
U029,P140,4.5,2024-10-09
U029,P070,4.5,2024-01-07
U029,P011,3.5,2024-09-28
U029,P063,5.0,2024-05-20
U029,P134,4.5,2024-05-26
U029,P009,3.5,2024-09-14
U029,P115,5.0,2024-12-11
U029,P137,4.5,2024-04-01
U029,P012,3.5,2024-02-19
U029,P119,4.5,2024-03-17
U029,P004,4.0,2024-04-08
U029,P114,4.5,2024-09-26
U029,P003,4.0,2024-06-30
U029,P005,4.0,2024-07-22
U029,P111,3.5,2024-07-10
U029,P067,4.5,2024-08-23
U029,P143,4.5,2024-05-04
U029,P027,2.5,2024-06-02
U029,P150,1.5,2024-11-30
U029,P021,1.0,2024-02-17
U029,P083,4.0,2024-07-13
U029,P038,4.0,2024-10-09
U029,P121,4.5,2024-01-29
U029,P050,1.0,2024-12-25
U029,P029,2.0,2024-02-12
U029,P131,4.5,2024-08-10
U029,P040,3.5,2024-10-16
U029,P022,1.5,2024-09-27
U030,P054,4.0,2024-10-15
U030,P140,4.0,2024-10-17
U030,P117,4.5,2024-12-12
U030,P111,4.5,2024-06-18
U030,P058,4.5,2024-03-12
U030,P013,5.0,2024-02-10
U030,P015,4.5,2024-06-26
U030,P143,3.5,2024-02-20
U030,P115,4.5,2024-04-28
U030,P142,3.5,2024-06-23
U030,P139,4.5,2024-11-10
U030,P052,4.5,2024-07-22
U030,P061,4.0,2024-01-16
U030,P012,5.0,2024-05-19
U030,P144,4.5,2024-09-08
U030,P106,2.5,2024-07-01
U030,P029,5.0,2024-07-11
U030,P146,4.0,2024-04-05
U030,P133,4.0,2024-02-13
U030,P081,3.0,2024-05-06
U030,P010,1.5,2024-02-12
U030,P049,3.0,2024-03-19
U031,P143,4.5,2024-09-23
U031,P132,4.0,2024-12-16
U031,P010,4.5,2024-03-27
U031,P140,4.0,2024-05-17
U031,P065,4.0,2024-05-17
U031,P061,4.5,2024-03-15
U031,P064,3.5,2024-03-26
U031,P007,4.5,2024-05-21
U031,P006,4.5,2024-06-02
U031,P001,4.5,2024-02-09
U031,P020,4.0,2024-05-08
U031,P069,4.0,2024-11-16
U031,P138,4.5,2024-10-31
U031,P018,4.5,2024-04-10
U031,P137,4.5,2024-02-24
U031,P009,4.0,2024-06-04
U031,P135,3.5,2024-07-21
U031,P012,4.0,2024-11-13
U031,P068,4.5,2024-06-17
U031,P144,4.5,2024-06-20
U031,P067,4.5,2024-11-29
U031,P004,4.5,2024-03-10
U031,P134,4.0,2024-06-13
U031,P003,4.5,2024-12-21
U031,P115,4.0,2024-09-02
U031,P101,3.5,2024-03-31
U031,P032,4.0,2024-06-12
U031,P107,3.0,2024-12-21
U031,P072,4.5,2024-10-21
U031,P080,2.5,2024-06-15
U031,P022,4.0,2024-05-23
U031,P058,4.0,2024-07-05
U031,P083,1.5,2024-10-15
U031,P031,2.5,2024-10-30
U031,P145,5.0,2024-04-02
U031,P102,5.0,2024-01-14
U031,P052,4.5,2024-12-28
U032,P029,3.5,2024-02-25
U032,P005,4.0,2024-12-02
U032,P097,5.0,2024-06-30
U032,P102,4.0,2024-11-27
U032,P009,4.5,2024-01-23
U032,P030,4.5,2024-11-26
U032,P026,5.0,2024-11-27
U032,P027,4.5,2024-06-18
U032,P010,4.5,2024-02-24
U032,P098,3.5,2024-02-20
U032,P095,4.0,2024-04-23
U032,P135,4.5,2024-09-22
U032,P099,4.5,2024-10-24
U032,P101,5.0,2024-10-21
U032,P136,4.0,2024-08-16
U032,P023,4.0,2024-07-19
U032,P028,4.5,2024-12-13
U032,P108,4.5,2024-12-19
U032,P093,4.5,2024-03-18
U032,P024,4.0,2024-01-13
U032,P090,4.5,2024-02-23
U032,P015,3.0,2024-07-31
U032,P147,1.5,2024-02-29
U032,P067,2.0,2024-06-27
U032,P130,3.0,2024-06-24
U032,P149,4.5,2024-04-15
U032,P089,5.0,2024-09-04
U032,P117,3.5,2024-08-31
U032,P122,1.5,2024-08-12
U033,P099,5.0,2024-04-19
U033,P091,4.0,2024-05-22
U033,P005,5.0,2024-02-02
U033,P030,4.5,2024-02-22
U033,P003,4.5,2024-04-05
U033,P008,4.0,2024-06-15
U033,P002,4.0,2024-08-22
U033,P092,3.5,2024-05-14
U033,P007,5.0,2024-09-07
U033,P021,4.5,2024-11-23
U033,P026,4.0,2024-11-01
U033,P104,4.5,2024-11-08
U033,P022,4.5,2024-10-27
U033,P106,3.5,2024-06-27
U033,P102,4.0,2024-08-22
U033,P028,4.5,2024-03-29
U033,P024,5.0,2024-12-27
U033,P025,4.0,2024-11-10
U033,P110,4.5,2024-02-13
U033,P096,5.0,2024-03-09
U033,P023,4.0,2024-03-01
U033,P135,4.0,2024-06-05
U033,P006,3.5,2024-04-03
U033,P093,4.0,2024-12-21
U033,P094,4.0,2024-09-18
U033,P125,4.0,2024-08-02
U033,P076,2.0,2024-10-21
U033,P071,4.0,2024-08-04
U033,P014,2.0,2024-09-06
U033,P140,5.0,2024-12-21
U033,P119,2.0,2024-10-11
U033,P046,2.0,2024-09-07
U033,P078,3.0,2024-03-12
U033,P116,2.0,2024-06-10
U033,P075,4.5,2024-11-13
U033,P070,1.0,2024-07-02
U033,P011,1.0,2024-09-05
U034,P095,4.5,2024-10-16
U034,P126,5.0,2024-09-10
U034,P123,4.5,2024-09-18
U034,P122,3.5,2024-10-20
U034,P097,3.5,2024-05-17
U034,P130,4.5,2024-07-06
U034,P129,4.5,2024-01-22
U034,P099,5.0,2024-08-13
U034,P128,4.5,2024-04-21
U034,P031,4.5,2024-02-22
U034,P026,5.0,2024-11-30
U034,P022,4.0,2024-06-01
U034,P096,3.5,2024-08-18
U034,P146,4.0,2024-06-27
U034,P049,1.5,2024-08-12
U034,P058,1.5,2024-05-01
U034,P005,2.5,2024-10-28
U034,P056,3.5,2024-12-29
U034,P089,4.0,2024-03-25
U034,P057,2.0,2024-04-15
U034,P042,2.5,2024-01-31
U035,P115,4.0,2024-10-22
U035,P058,5.0,2024-05-17
U035,P119,5.0,2024-07-31
U035,P144,4.5,2024-08-19
U035,P051,3.5,2024-11-20
U035,P061,3.5,2024-07-25
U035,P059,4.5,2024-05-22
U035,P138,5.0,2024-07-07
U035,P117,4.5,2024-09-06
U035,P143,4.0,2024-10-24
U035,P113,3.5,2024-02-17
U035,P017,5.0,2024-08-22
U035,P019,5.0,2024-12-06
U035,P067,5.0,2024-07-02
U035,P014,3.5,2024-09-30
U035,P120,4.5,2024-04-21
U035,P131,4.5,2024-04-18
U035,P142,4.5,2024-05-17
U035,P042,3.5,2024-05-25
U035,P029,3.5,2024-10-07
U035,P133,2.0,2024-10-16
U035,P072,4.5,2024-06-24
U035,P147,1.0,2024-01-24
U035,P127,1.5,2024-11-16
U035,P081,4.5,2024-01-09
U035,P093,1.5,2024-03-21
U036,P001,3.5,2024-03-08
U036,P098,4.5,2024-04-25
U036,P023,4.5,2024-12-14
U036,P009,4.5,2024-01-05
U036,P030,3.5,2024-12-22
U036,P021,4.0,2024-03-02
U036,P028,4.5,2024-12-21
U036,P006,4.0,2024-09-01
U036,P094,3.5,2024-04-27
U036,P027,4.5,2024-02-15
U036,P108,5.0,2024-02-22
U036,P107,3.5,2024-06-09
U036,P110,4.0,2024-06-02
U036,P004,4.0,2024-07-14
U036,P134,4.0,2024-11-24
U036,P091,5.0,2024-03-14
U036,P010,3.5,2024-09-28
U036,P104,4.5,2024-01-05
U036,P093,4.5,2024-11-28
U036,P095,4.0,2024-08-13
U036,P050,3.5,2024-04-19
U036,P075,2.0,2024-07-29
U036,P124,4.5,2024-04-21
U036,P032,1.5,2024-02-21
U036,P131,2.0,2024-03-04
U036,P033,4.0,2024-06-28
U036,P011,4.0,2024-06-10
U036,P048,2.0,2024-05-06
U036,P082,3.0,2024-11-26
U037,P106,3.5,2024-09-27
U037,P109,3.5,2024-07-03
U037,P135,4.0,2024-03-08
U037,P134,4.5,2024-10-18
U037,P029,4.5,2024-07-06
U037,P002,4.5,2024-12-15
U037,P030,4.0,2024-08-29
U037,P024,3.5,2024-01-09
U037,P104,4.5,2024-02-04
U037,P103,3.5,2024-05-14
U037,P023,4.0,2024-01-21
U037,P096,3.5,2024-07-22
U037,P132,4.5,2024-05-26
U037,P004,5.0,2024-12-30
U037,P107,4.5,2024-07-31
U037,P147,4.0,2024-12-25
U037,P051,4.0,2024-02-12
U037,P084,5.0,2024-10-02
U037,P070,2.0,2024-05-22
U037,P035,1.5,2024-06-07
U037,P122,1.5,2024-09-18
U037,P117,2.5,2024-03-20
U038,P026,4.0,2024-12-25
U038,P128,3.5,2024-03-24
U038,P132,4.5,2024-06-26
U038,P133,4.5,2024-09-21
U038,P135,5.0,2024-05-12
U038,P141,4.0,2024-07-09
U038,P005,4.0,2024-05-17
U038,P020,5.0,2024-03-01
U038,P028,3.5,2024-06-20
U038,P016,4.5,2024-05-19
U038,P004,4.5,2024-02-02
U038,P130,4.0,2024-12-30
U038,P006,4.5,2024-11-17
U038,P142,3.5,2024-09-11
U038,P008,4.5,2024-09-18
U038,P030,4.0,2024-01-29
U038,P129,4.5,2024-10-17
U038,P070,2.0,2024-07-07
U038,P116,2.0,2024-05-10
U038,P140,1.5,2024-10-20
U038,P115,1.5,2024-04-26
U038,P053,5.0,2024-01-02
U038,P046,1.0,2024-01-07
U038,P032,2.5,2024-01-24
U038,P131,4.5,2024-07-05
U039,P032,4.5,2024-01-24
U039,P023,4.5,2024-02-05
U039,P126,4.5,2024-05-24
U039,P097,4.0,2024-06-16
U039,P035,3.5,2024-10-10
U039,P091,4.5,2024-01-05
U039,P036,4.0,2024-04-12
U039,P130,4.0,2024-10-15
U039,P128,4.0,2024-11-14
U039,P038,4.0,2024-08-25
U039,P025,4.0,2024-10-29
U039,P094,4.5,2024-04-10
U039,P024,5.0,2024-10-06
U039,P085,2.5,2024-03-18
U039,P117,1.0,2024-07-28
U039,P007,1.0,2024-04-29
U039,P043,5.0,2024-06-26
U039,P049,1.0,2024-06-20
U039,P144,1.0,2024-12-02
U040,P040,4.0,2024-06-10
U040,P027,4.5,2024-12-24
U040,P034,5.0,2024-06-16
U040,P124,4.0,2024-08-19
U040,P036,4.0,2024-04-29
U040,P097,3.5,2024-04-13
U040,P122,4.0,2024-10-26
U040,P024,3.5,2024-03-20
U040,P030,3.5,2024-03-25
U040,P038,4.5,2024-08-26
U040,P026,4.0,2024-07-27
U040,P023,3.5,2024-10-01
U040,P100,4.0,2024-04-16
U040,P028,4.5,2024-06-06
U040,P099,4.5,2024-05-15
U040,P098,3.5,2024-02-16
U040,P037,4.0,2024-12-17
U040,P136,4.0,2024-12-26
U040,P093,5.0,2024-11-04
U040,P032,3.5,2024-04-20
U040,P035,4.0,2024-03-16
U040,P127,3.5,2024-12-30
U040,P039,4.0,2024-07-01
U040,P126,4.5,2024-09-19
U040,P128,3.5,2024-12-12
U040,P025,4.0,2024-05-13
U040,P112,2.0,2024-01-16
U040,P148,4.0,2024-08-19
U040,P071,5.0,2024-10-08
U040,P010,2.5,2024-02-18
U040,P106,4.5,2024-02-22
U040,P103,2.0,2024-03-03
U040,P008,1.0,2024-02-01
U040,P076,2.5,2024-03-07
U040,P115,2.5,2024-07-24
U040,P017,3.5,2024-12-17
U040,P051,1.5,2024-10-25
U040,P058,3.0,2024-02-08
U041,P013,4.5,2024-12-15
U041,P133,4.5,2024-03-29
U041,P029,4.0,2024-04-19
U041,P009,4.0,2024-05-20
U041,P006,4.0,2024-08-16
U041,P022,4.0,2024-01-18
U041,P008,4.5,2024-11-13
U041,P003,4.5,2024-05-05
U041,P030,5.0,2024-05-31
U041,P004,4.5,2024-07-29
U041,P011,4.5,2024-09-02
U041,P104,1.0,2024-02-14
U041,P086,3.0,2024-07-15
U041,P138,2.0,2024-08-02
U041,P081,2.5,2024-11-25
U041,P094,5.0,2024-05-07
U041,P034,5.0,2024-01-10
U042,P141,4.0,2024-05-01
U042,P063,4.5,2024-06-11
U042,P111,5.0,2024-12-23
U042,P115,4.0,2024-10-29
U042,P112,3.5,2024-12-26
U042,P143,5.0,2024-06-29
U042,P117,4.5,2024-10-15
U042,P113,4.0,2024-10-15
U042,P061,4.0,2024-09-09
U042,P065,4.5,2024-06-07
U042,P058,4.0,2024-09-08
U042,P052,3.5,2024-02-16
U042,P012,3.5,2024-04-29
U042,P131,4.5,2024-04-22
U042,P055,3.5,2024-09-26
U042,P138,4.5,2024-01-01
U042,P119,4.0,2024-11-10
U042,P014,4.0,2024-03-07
U042,P066,4.0,2024-03-31
U042,P056,4.0,2024-01-31
U042,P057,3.5,2024-03-16
U042,P118,4.5,2024-12-26
U042,P120,4.0,2024-02-26
U042,P059,4.5,2024-07-05
U042,P018,3.5,2024-07-10
U042,P016,5.0,2024-12-05
U042,P140,4.5,2024-10-27
U042,P067,3.5,2024-06-21
U042,P125,3.0,2024-06-14
U042,P041,2.0,2024-03-21
U042,P045,4.0,2024-11-23
U042,P099,4.5,2024-11-28
U042,P136,3.5,2024-03-30
U042,P008,5.0,2024-12-21
U042,P147,3.5,2024-04-24
U042,P039,2.0,2024-07-12
U042,P104,3.0,2024-12-18
U042,P080,3.0,2024-03-06
U042,P076,2.0,2024-01-01
U042,P033,4.0,2024-10-17
U043,P119,4.0,2024-08-16
U043,P061,3.5,2024-05-15
U043,P120,4.0,2024-05-07
U043,P015,5.0,2024-02-04
U043,P132,4.0,2024-05-11
U043,P117,3.5,2024-01-01
U043,P007,3.5,2024-07-16
U043,P112,4.5,2024-08-02
U043,P010,4.0,2024-07-30
U043,P062,4.5,2024-07-12
U043,P005,4.0,2024-10-06
U043,P016,4.5,2024-02-21
U043,P063,4.5,2024-10-22
U043,P143,5.0,2024-12-17
U043,P042,2.5,2024-03-24
U043,P122,4.5,2024-02-07
U043,P032,1.0,2024-05-30
U043,P131,1.0,2024-06-12
U043,P126,3.0,2024-02-23
U043,P146,1.5,2024-06-24
U044,P051,4.0,2024-06-01
U044,P142,4.0,2024-02-19
U044,P015,3.5,2024-07-20
U044,P116,4.5,2024-10-08
U044,P016,4.5,2024-03-19
U044,P062,3.5,2024-07-03
U044,P119,3.5,2024-08-06
U044,P120,3.5,2024-05-30
U044,P111,5.0,2024-11-16
U044,P012,4.5,2024-09-02
U044,P068,4.0,2024-02-19
U044,P144,3.5,2024-04-15
U044,P138,4.0,2024-11-22
U044,P118,4.0,2024-02-11
U044,P014,4.5,2024-02-29
U044,P017,4.0,2024-07-22
U044,P139,4.5,2024-09-07
U044,P054,5.0,2024-05-15
U044,P035,1.5,2024-11-24
U044,P083,5.0,2024-07-17
U044,P130,2.0,2024-07-08
U044,P101,4.0,2024-07-08
U044,P134,2.0,2024-08-16
U044,P135,1.0,2024-05-14
U044,P100,4.5,2024-08-26
U044,P044,3.0,2024-04-25
U044,P125,3.0,2024-10-15
U045,P141,4.5,2024-04-30
U045,P137,4.5,2024-06-02
U045,P134,3.5,2024-07-21
U045,P007,5.0,2024-01-18
U045,P006,4.5,2024-10-19
U045,P142,4.5,2024-10-19
U045,P063,5.0,2024-11-13
U045,P115,4.0,2024-03-02
U045,P067,4.5,2024-03-29
U045,P118,4.0,2024-04-18
U045,P015,4.0,2024-03-05
U045,P116,3.5,2024-08-04
U045,P004,3.5,2024-12-15
U045,P080,4.0,2024-04-13
U045,P097,2.0,2024-10-31
U045,P084,3.0,2024-06-12
U045,P099,1.5,2024-02-14
U045,P128,4.0,2024-10-11
U045,P091,4.0,2024-10-09
U046,P124,4.5,2024-12-01
U046,P100,4.5,2024-10-19
U046,P021,4.5,2024-08-30
U046,P130,3.5,2024-03-29
U046,P128,4.0,2024-07-25
U046,P146,4.0,2024-11-12
U046,P097,4.5,2024-12-14
U046,P028,5.0,2024-07-24
U046,P127,3.5,2024-07-21
U046,P030,4.0,2024-12-19
U046,P129,4.0,2024-01-26
U046,P027,5.0,2024-08-31
U046,P145,4.0,2024-07-09
U046,P024,3.5,2024-06-21
U046,P039,4.0,2024-06-08
U046,P095,4.0,2024-09-08
U046,P013,1.5,2024-04-26
U046,P142,2.0,2024-06-02
U046,P057,4.5,2024-06-13
U046,P089,3.0,2024-08-01
U046,P065,1.5,2024-04-06
U046,P073,4.5,2024-04-18
U046,P054,4.0,2024-09-05
U047,P024,5.0,2024-03-04
U047,P073,5.0,2024-01-16
U047,P031,4.0,2024-07-09
U047,P025,4.5,2024-10-31
U047,P040,4.5,2024-03-31
U047,P147,4.5,2024-10-27
U047,P046,4.5,2024-06-28
U047,P029,4.0,2024-03-24
U047,P074,4.0,2024-12-18
U047,P022,3.5,2024-05-25
U047,P032,3.5,2024-07-16
U047,P033,3.5,2024-03-24
U047,P077,4.5,2024-04-19
U047,P148,4.0,2024-11-27
U047,P028,4.0,2024-12-12
U047,P076,4.0,2024-05-17
U047,P035,5.0,2024-07-28
U047,P050,4.5,2024-01-11
U047,P087,1.0,2024-08-30
U047,P131,2.0,2024-11-27
U047,P056,2.0,2024-11-03
U047,P066,1.0,2024-04-24
U047,P088,3.0,2024-11-07
U047,P100,3.0,2024-12-30
U047,P105,3.0,2024-08-04
U047,P091,4.0,2024-06-27
U048,P054,5.0,2024-12-30
U048,P070,5.0,2024-06-01
U048,P060,4.0,2024-03-17
U048,P139,4.5,2024-05-03
U048,P114,3.5,2024-11-03
U048,P120,4.5,2024-12-04
U048,P066,4.0,2024-12-14
U048,P118,4.0,2024-01-14
U048,P017,5.0,2024-09-11
U048,P011,4.0,2024-05-12
U048,P113,4.5,2024-07-26
U048,P064,4.5,2024-01-19
U048,P116,4.5,2024-12-28
U048,P059,4.5,2024-04-07
U048,P142,4.0,2024-12-31
U048,P131,4.0,2024-12-17
U048,P092,5.0,2024-11-22
U048,P009,4.5,2024-12-09
U048,P074,3.5,2024-09-16
U048,P046,3.0,2024-03-28
U048,P122,5.0,2024-04-02
U048,P072,3.0,2024-02-19
U048,P044,4.5,2024-03-06
U049,P076,4.5,2024-04-09
U049,P032,4.5,2024-03-02
U049,P042,5.0,2024-07-14
U049,P145,4.5,2024-06-01
U049,P026,4.5,2024-01-28
U049,P035,4.0,2024-03-11
U049,P043,4.0,2024-06-24
U049,P080,4.5,2024-10-18
U049,P040,4.5,2024-03-14
U049,P047,4.0,2024-04-02
U049,P146,3.5,2024-09-06
U049,P044,4.0,2024-11-19
U049,P037,4.0,2024-06-09
U049,P039,5.0,2024-01-30
U049,P078,3.5,2024-08-19
U049,P048,4.0,2024-04-17
U049,P016,2.0,2024-10-22
U049,P101,2.0,2024-09-07
U049,P007,1.5,2024-03-07
U049,P122,4.0,2024-11-20
U049,P115,4.0,2024-07-25
U049,P120,4.0,2024-09-01
U049,P010,4.0,2024-01-03
U050,P013,5.0,2024-03-09
U050,P139,4.0,2024-09-07
U050,P064,4.0,2024-04-06
U050,P001,4.0,2024-07-25
U050,P061,3.5,2024-04-26
U050,P114,4.0,2024-03-08
U050,P144,4.0,2024-01-12
U050,P002,4.5,2024-09-15
U050,P135,4.0,2024-03-04
U050,P141,4.0,2024-12-30
U050,P132,5.0,2024-01-20
U050,P016,4.5,2024-11-23
U050,P015,4.0,2024-09-30
U050,P063,4.5,2024-01-25
U050,P020,4.5,2024-01-25
U050,P009,5.0,2024-02-25
U050,P007,5.0,2024-01-11
U050,P065,3.5,2024-12-19
U050,P113,3.5,2024-08-01
U050,P118,4.5,2024-07-13
U050,P011,3.5,2024-10-07
U050,P003,4.0,2024-08-30
U050,P026,2.0,2024-04-15
U050,P059,1.0,2024-06-03
U050,P058,4.0,2024-12-04
U050,P089,1.5,2024-12-05
U050,P146,5.0,2024-05-18
U050,P097,2.0,2024-08-02
U050,P107,1.5,2024-09-18
U050,P098,1.5,2024-05-24
U050,P074,1.5,2024-02-24
U050,P086,4.5,2024-04-11
U051,P037,4.0,2024-02-16
U051,P074,4.5,2024-02-08
U051,P033,5.0,2024-02-21
U051,P043,4.0,2024-11-25
U051,P047,4.0,2024-08-21
U051,P039,4.0,2024-05-15
U051,P031,4.5,2024-01-26
U051,P023,3.5,2024-03-30
U051,P076,3.5,2024-05-28
U051,P072,4.0,2024-12-12
U051,P034,4.0,2024-08-06
U051,P071,5.0,2024-02-29
U051,P042,3.5,2024-01-24
U051,P036,3.5,2024-03-11
U051,P001,2.0,2024-06-17
U051,P002,3.5,2024-08-12
U051,P126,3.0,2024-02-17
U051,P012,3.5,2024-06-24
U051,P015,2.0,2024-02-28
U051,P114,4.0,2024-07-23
U051,P104,4.5,2024-05-19
U052,P121,4.5,2024-10-22
U052,P027,5.0,2024-10-16
U052,P133,4.0,2024-12-08
U052,P011,4.0,2024-09-22
U052,P008,4.5,2024-12-18
U052,P009,5.0,2024-11-12
U052,P004,3.5,2024-08-09
U052,P141,5.0,2024-05-07
U052,P007,4.5,2024-06-26
U052,P143,5.0,2024-12-12
U052,P128,5.0,2024-07-16
U052,P144,4.0,2024-10-12
U052,P127,4.5,2024-01-28
U052,P029,3.5,2024-11-25
U052,P012,4.0,2024-09-15
U052,P025,4.5,2024-09-10
U052,P023,4.0,2024-02-08
U052,P002,4.5,2024-06-13
U052,P028,4.0,2024-06-18
U052,P022,4.0,2024-01-26
U052,P126,4.5,2024-04-24
U052,P130,4.5,2024-11-25
U052,P024,4.5,2024-07-25
U052,P005,4.0,2024-02-10
U052,P016,4.5,2024-08-15
U052,P093,4.5,2024-02-15
U052,P045,4.5,2024-08-16
U052,P083,3.5,2024-03-01
U052,P087,4.5,2024-11-30
U052,P036,1.0,2024-02-22
U052,P039,4.0,2024-07-30
U052,P064,1.0,2024-10-12
U052,P114,5.0,2024-01-01
U052,P071,1.5,2024-11-05
U052,P032,3.0,2024-09-17
U052,P131,5.0,2024-04-15
U052,P117,4.5,2024-06-23
U053,P035,4.0,2024-10-07
U053,P100,4.5,2024-07-10
U053,P092,5.0,2024-02-24
U053,P126,3.5,2024-03-25
U053,P129,4.5,2024-03-12
U053,P121,5.0,2024-07-28
U053,P094,3.5,2024-05-10
U053,P099,4.5,2024-04-10
U053,P028,4.0,2024-03-02
U053,P027,4.5,2024-04-20
U053,P146,4.5,2024-04-07
U053,P001,3.5,2024-02-25
U053,P064,4.0,2024-01-24
U053,P066,1.5,2024-08-18
U053,P150,4.5,2024-12-03
U053,P112,5.0,2024-03-09
U054,P124,5.0,2024-11-03
U054,P143,4.5,2024-06-13
U054,P004,4.5,2024-07-15
U054,P126,4.5,2024-11-07
U054,P028,5.0,2024-05-07
U054,P128,4.0,2024-07-22
U054,P121,4.0,2024-05-30
U054,P123,4.5,2024-03-09
U054,P012,4.0,2024-07-30
U054,P135,4.5,2024-12-24
U054,P053,5.0,2024-06-02
U054,P139,5.0,2024-06-09
U054,P047,5.0,2024-11-19
U054,P044,2.5,2024-04-12
U054,P080,2.5,2024-11-15
U055,P135,4.0,2024-05-16
U055,P093,4.0,2024-05-26
U055,P009,5.0,2024-05-08
U055,P133,4.0,2024-02-01
U055,P022,5.0,2024-05-31
U055,P103,4.0,2024-10-04
U055,P105,3.5,2024-07-02
U055,P091,4.5,2024-02-22
U055,P008,4.5,2024-12-11
U055,P136,5.0,2024-10-14
U055,P101,4.0,2024-11-27
U055,P097,4.5,2024-07-18
U055,P029,4.0,2024-09-18
U055,P098,5.0,2024-05-27
U055,P096,5.0,2024-12-06
U055,P001,3.5,2024-07-14
U055,P087,4.0,2024-08-01
U055,P034,3.5,2024-10-09
U055,P014,1.0,2024-01-07
U055,P069,3.0,2024-04-13
U055,P039,4.5,2024-04-25
U055,P017,3.5,2024-10-28
U055,P126,5.0,2024-11-04
U055,P018,2.5,2024-04-09
U056,P032,5.0,2024-06-03
U056,P147,4.5,2024-10-20
U056,P025,4.5,2024-07-02
U056,P148,3.5,2024-12-28
U056,P145,4.0,2024-09-26
U056,P073,4.0,2024-04-04
U056,P028,4.5,2024-02-04
U056,P045,4.5,2024-03-22
U056,P023,4.5,2024-10-05
U056,P048,4.5,2024-07-25
U056,P038,3.5,2024-06-27
U056,P037,4.0,2024-04-19
U056,P029,5.0,2024-06-18
U056,P031,4.0,2024-07-03
U056,P039,4.0,2024-04-21
U056,P076,4.5,2024-09-28
U056,P080,4.5,2024-10-14
U056,P021,5.0,2024-01-05
U056,P072,3.5,2024-12-08
U056,P035,4.0,2024-08-16
U056,P131,2.5,2024-11-24
U056,P020,2.5,2024-01-21
U056,P006,3.5,2024-07-14
U056,P082,1.5,2024-07-16
U056,P117,3.0,2024-10-03
U056,P007,3.0,2024-01-13
U056,P141,5.0,2024-07-10
U056,P121,5.0,2024-09-17
U056,P119,4.5,2024-09-06
U057,P137,5.0,2024-03-19
U057,P053,3.5,2024-08-23
U057,P061,5.0,2024-06-18
U057,P113,3.5,2024-02-14
U057,P016,3.5,2024-01-28
U057,P017,4.0,2024-05-08
U057,P051,4.5,2024-02-06
U057,P115,4.5,2024-04-26
U057,P144,4.0,2024-07-27
U057,P011,4.5,2024-08-18
U057,P015,5.0,2024-07-26
U057,P054,4.5,2024-06-10
U057,P118,3.5,2024-07-18
U057,P068,5.0,2024-03-01
U057,P139,4.5,2024-01-04
U057,P117,5.0,2024-11-12
U057,P099,1.5,2024-10-26
U057,P130,1.0,2024-12-24
U057,P136,1.5,2024-07-02
U057,P149,5.0,2024-02-24
U057,P086,3.0,2024-12-17
U057,P123,3.0,2024-11-06
U057,P010,1.5,2024-05-24
U057,P145,4.5,2024-07-14
U058,P022,4.5,2024-03-13
U058,P121,4.0,2024-04-04
U058,P031,4.0,2024-11-11
U058,P125,4.0,2024-04-09
U058,P035,3.5,2024-04-02
U058,P029,5.0,2024-10-17
U058,P096,3.5,2024-10-08
U058,P130,4.5,2024-11-26
U058,P039,4.5,2024-02-07
U058,P030,4.0,2024-12-09
U058,P040,3.5,2024-05-08
U058,P094,3.5,2024-04-11
U058,P145,5.0,2024-10-24
U058,P021,4.5,2024-06-18
U058,P038,4.0,2024-03-06
U058,P098,5.0,2024-12-01
U058,P099,4.0,2024-02-21
U058,P025,4.0,2024-11-13
U058,P024,3.5,2024-04-09
U058,P146,4.0,2024-09-05
U058,P100,4.5,2024-06-17
U058,P126,4.5,2024-12-03
U058,P123,4.0,2024-12-21
U058,P033,4.5,2024-03-19
U058,P097,4.5,2024-10-17
U058,P101,3.5,2024-06-10
U058,P011,4.0,2024-03-27
U058,P060,1.0,2024-06-09
U058,P047,2.5,2024-04-23
U058,P137,4.0,2024-05-21
U058,P135,3.5,2024-03-09
U058,P133,3.5,2024-09-02
U058,P065,4.5,2024-08-16
U058,P048,3.5,2024-06-05
U058,P073,4.5,2024-10-09
U058,P113,1.5,2024-03-30
U059,P006,4.5,2024-07-05
U059,P028,4.5,2024-01-06
U059,P009,5.0,2024-05-02
U059,P105,4.5,2024-12-16
U059,P023,4.0,2024-09-20
U059,P027,4.0,2024-08-16
U059,P005,4.0,2024-04-01
U059,P109,4.5,2024-10-16
U059,P002,5.0,2024-03-15
U059,P103,5.0,2024-09-04
U059,P107,4.0,2024-01-21
U059,P096,4.0,2024-09-06
U059,P024,4.0,2024-02-02
U059,P003,4.0,2024-07-08
U059,P135,4.0,2024-01-22
U059,P134,5.0,2024-04-15
U059,P101,4.5,2024-07-03
U059,P099,4.5,2024-08-28
U059,P026,4.5,2024-01-24
U059,P091,3.5,2024-11-28
U059,P095,4.0,2024-02-22
U059,P108,5.0,2024-09-23
U059,P022,5.0,2024-05-20
U059,P071,3.0,2024-10-23
U059,P049,5.0,2024-10-18
U059,P144,2.0,2024-07-11
U059,P116,4.0,2024-07-06
U059,P139,1.5,2024-09-21
U059,P058,3.0,2024-07-11
U059,P038,2.5,2024-09-21
U059,P080,4.0,2024-06-29
U059,P085,3.5,2024-09-06
U059,P086,4.5,2024-11-05
U059,P032,1.0,2024-09-13
U060,P031,3.5,2024-03-06
U060,P035,4.5,2024-10-30
U060,P025,4.0,2024-03-09
U060,P123,5.0,2024-09-19
U060,P038,3.5,2024-10-20
U060,P034,4.0,2024-01-29
U060,P030,4.0,2024-05-12
U060,P032,4.0,2024-09-21
U060,P146,4.5,2024-11-02
U060,P094,4.5,2024-11-22
U060,P028,3.5,2024-12-04
U060,P145,4.0,2024-02-13
U060,P128,4.0,2024-08-17
U060,P096,4.5,2024-08-29
U060,P125,4.5,2024-03-28
U060,P124,4.0,2024-07-29
U060,P024,4.5,2024-03-14
U060,P036,4.5,2024-04-03
U060,P092,4.5,2024-12-03
U060,P100,4.5,2024-05-15
U060,P082,2.0,2024-12-17
U060,P047,3.5,2024-08-20
U060,P106,1.5,2024-04-27
U060,P041,4.0,2024-07-16
U060,P113,2.0,2024-02-25
U060,P150,1.0,2024-04-13
U060,P073,5.0,2024-09-15
U060,P003,4.0,2024-03-17
U060,P052,1.5,2024-03-31
U061,P129,4.0,2024-02-12
U061,P023,4.0,2024-11-02
U061,P125,4.5,2024-07-28
U061,P123,4.0,2024-04-06
U061,P028,3.5,2024-12-29
U061,P026,5.0,2024-01-04
U061,P121,4.5,2024-09-24
U061,P029,3.5,2024-09-23
U061,P136,3.5,2024-07-11
U061,P021,5.0,2024-04-15
U061,P098,5.0,2024-06-10
U061,P097,4.5,2024-07-04
U061,P032,3.5,2024-03-20
U061,P130,4.5,2024-11-29
U061,P022,4.5,2024-05-09
U061,P093,4.0,2024-10-01
U061,P037,4.5,2024-10-16
U061,P034,4.0,2024-11-09
U061,P146,4.0,2024-12-14
U061,P036,4.5,2024-04-14
U061,P033,4.5,2024-10-09
U061,P127,4.5,2024-09-04
U061,P039,4.0,2024-07-08
U061,P144,5.0,2024-10-11
U061,P135,4.5,2024-05-09
U061,P139,3.0,2024-10-22
U061,P120,3.5,2024-12-27
U061,P104,4.0,2024-03-11
U061,P013,1.5,2024-04-27
U061,P075,4.5,2024-12-24
U061,P018,2.0,2024-02-21
U061,P053,2.5,2024-09-17
U061,P082,4.0,2024-06-22
U061,P140,5.0,2024-11-10
U062,P024,4.5,2024-05-26
U062,P031,4.0,2024-01-18
U062,P045,4.5,2024-09-18
U062,P136,4.5,2024-12-23
U062,P021,4.0,2024-11-10
U062,P026,4.0,2024-12-11
U062,P030,3.5,2024-07-03
U062,P071,4.0,2024-12-01
U062,P048,3.5,2024-03-21
U062,P080,3.5,2024-05-21
U062,P025,4.5,2024-06-29
U062,P037,5.0,2024-07-21
U062,P035,4.5,2024-10-27
U062,P044,4.0,2024-09-22
U062,P023,3.5,2024-12-26
U062,P040,3.5,2024-02-16
U062,P022,4.5,2024-05-25
U062,P072,5.0,2024-10-13
U062,P033,4.5,2024-06-27
U062,P047,4.0,2024-05-21
U062,P050,4.0,2024-11-06
U062,P041,4.0,2024-08-20
U062,P074,4.5,2024-10-21
U062,P079,3.5,2024-05-13
U062,P146,4.0,2024-07-27
U062,P008,5.0,2024-02-24
U062,P141,5.0,2024-02-07
U062,P150,5.0,2024-05-30
U062,P053,3.5,2024-02-29
U062,P122,5.0,2024-05-11
U062,P104,5.0,2024-10-21
U062,P097,3.0,2024-12-21
U062,P002,4.5,2024-07-12
U062,P056,4.5,2024-05-04
U062,P125,3.5,2024-08-22
U062,P144,4.5,2024-10-27
U063,P008,4.0,2024-04-03
U063,P017,5.0,2024-12-15
U063,P005,4.0,2024-09-12
U063,P025,5.0,2024-04-12
U063,P132,4.0,2024-05-03
U063,P015,4.0,2024-04-15
U063,P135,4.0,2024-04-13
U063,P021,4.0,2024-11-12
U063,P027,4.0,2024-03-20
U063,P023,3.5,2024-03-02
U063,P124,3.5,2024-12-12
U063,P125,5.0,2024-09-09
U063,P001,4.5,2024-01-04
U063,P143,4.5,2024-01-22
U063,P016,4.5,2024-07-09
U063,P019,4.5,2024-06-10
U063,P006,4.5,2024-10-21
U063,P026,4.0,2024-09-08
U063,P022,4.0,2024-09-18
U063,P024,4.0,2024-07-22
U063,P136,4.0,2024-10-22
U063,P074,2.0,2024-01-28
U063,P040,5.0,2024-08-04
U063,P101,4.5,2024-10-03
U063,P053,1.0,2024-09-14
U063,P091,3.5,2024-07-20
U063,P071,2.0,2024-08-22
U063,P076,1.5,2024-12-23
U063,P058,5.0,2024-08-23
U063,P104,3.5,2024-12-18
U064,P139,4.5,2024-06-24
U064,P054,4.0,2024-04-04
U064,P065,4.5,2024-08-05
U064,P118,4.0,2024-08-02
U064,P017,5.0,2024-07-09
U064,P061,4.0,2024-07-24
U064,P064,4.0,2024-08-18
U064,P120,4.0,2024-10-19
U064,P057,4.0,2024-10-21
U064,P052,5.0,2024-04-27
U064,P101,1.5,2024-05-18
U064,P044,2.5,2024-10-11
U064,P041,4.0,2024-07-14
U064,P045,2.5,2024-03-15
U064,P091,2.0,2024-08-30
U065,P097,3.5,2024-08-18
U065,P122,5.0,2024-06-20
U065,P029,4.0,2024-07-03
U065,P124,4.0,2024-10-13
U065,P125,4.5,2024-05-11
U065,P091,4.0,2024-01-11
U065,P145,4.5,2024-03-03
U065,P040,4.0,2024-12-13
U065,P037,4.5,2024-04-11
U065,P024,4.5,2024-10-21
U065,P096,5.0,2024-11-28
U065,P027,4.5,2024-03-30
U065,P093,4.0,2024-06-30
U065,P026,4.0,2024-12-10
U065,P008,5.0,2024-09-06
U065,P048,4.5,2024-02-10
U065,P148,4.0,2024-11-10
U065,P053,3.0,2024-08-25
U065,P081,2.0,2024-03-26
U065,P111,3.5,2024-08-03
U066,P127,4.0,2024-07-22
U066,P096,3.5,2024-02-18
U066,P025,3.5,2024-08-30
U066,P026,4.5,2024-01-28
U066,P031,3.5,2024-07-22
U066,P092,4.5,2024-02-12
U066,P035,3.5,2024-05-14
U066,P091,4.5,2024-03-20
U066,P126,3.5,2024-12-01
U066,P039,4.5,2024-06-07
U066,P038,4.0,2024-05-06
U066,P145,5.0,2024-05-25
U066,P029,4.5,2024-11-16
U066,P099,4.0,2024-03-08
U066,P146,4.5,2024-03-28
U066,P095,3.5,2024-01-18
U066,P032,5.0,2024-07-01
U066,P094,4.0,2024-08-31
U066,P124,4.5,2024-10-03
U066,P037,4.0,2024-10-07
U066,P100,4.5,2024-03-10
U066,P034,5.0,2024-10-03
U066,P130,4.0,2024-10-29
U066,P044,4.5,2024-11-19
U066,P003,4.0,2024-09-25
U066,P017,5.0,2024-06-07
U066,P134,3.5,2024-09-03
U066,P051,5.0,2024-04-26
U066,P115,1.5,2024-08-14
U066,P053,3.0,2024-07-06
U066,P137,4.0,2024-05-13
U066,P120,2.0,2024-06-04
U066,P011,1.0,2024-01-01
U066,P047,5.0,2024-03-10
U067,P111,5.0,2024-07-18
U067,P115,4.5,2024-04-22
U067,P011,4.0,2024-02-10
U067,P140,4.5,2024-11-16
U067,P112,4.0,2024-09-21
U067,P144,4.5,2024-12-21
U067,P060,5.0,2024-05-19
U067,P142,4.0,2024-11-28
U067,P068,5.0,2024-09-29
U067,P059,4.0,2024-07-30
U067,P119,4.0,2024-02-05
U067,P055,4.0,2024-03-10
U067,P137,4.0,2024-02-26
U067,P116,5.0,2024-08-21
U067,P064,4.5,2024-08-19
U067,P053,4.0,2024-12-24
U067,P083,4.5,2024-04-06
U067,P102,3.5,2024-01-10
U067,P086,2.0,2024-01-26
U067,P081,5.0,2024-01-12
U067,P042,2.0,2024-02-22
U067,P031,3.0,2024-05-17
U067,P133,2.0,2024-08-12
U067,P136,1.0,2024-04-29
U068,P001,4.0,2024-04-08
U068,P112,4.0,2024-07-14
U068,P014,3.5,2024-03-03
U068,P062,5.0,2024-05-07
U068,P067,4.5,2024-08-14
U068,P020,4.0,2024-01-18
U068,P143,4.0,2024-08-23
U068,P064,5.0,2024-02-18
U068,P070,4.5,2024-12-06
U068,P003,4.0,2024-08-30
U068,P141,4.5,2024-12-14
U068,P006,4.0,2024-06-14
U068,P010,4.0,2024-11-18
U068,P028,1.0,2024-10-08
U068,P055,5.0,2024-03-03
U068,P081,3.0,2024-09-03
U068,P030,3.0,2024-04-11
U068,P100,3.5,2024-01-27
U068,P091,2.5,2024-02-27
U069,P068,4.0,2024-10-12
U069,P061,5.0,2024-06-26
U069,P011,4.5,2024-04-08
U069,P051,3.5,2024-12-18
U069,P058,4.5,2024-07-02
U069,P118,5.0,2024-03-09
U069,P018,4.0,2024-01-21
U069,P066,4.5,2024-12-27
U069,P056,4.5,2024-10-13
U069,P142,4.0,2024-10-04
U069,P013,5.0,2024-09-07
U069,P139,4.0,2024-10-17
U069,P111,4.0,2024-10-05
U069,P020,4.0,2024-06-14
U069,P064,5.0,2024-08-27
U069,P016,4.0,2024-11-02
U069,P131,4.5,2024-03-23
U069,P141,3.5,2024-09-28
U069,P113,4.0,2024-08-18
U069,P119,4.0,2024-05-14
U069,P062,4.5,2024-07-06
U069,P060,4.5,2024-01-01
U069,P112,5.0,2024-09-16
U069,P065,4.5,2024-04-04
U069,P121,1.0,2024-11-13
U069,P008,3.5,2024-11-13
U069,P076,2.5,2024-06-13
U069,P123,1.5,2024-12-03
U069,P030,5.0,2024-07-17
U069,P130,2.5,2024-09-25
U069,P099,4.5,2024-10-09
U069,P024,2.0,2024-11-09
U069,P027,3.0,2024-06-14
U069,P093,4.0,2024-11-24
U069,P040,3.5,2024-02-26
U070,P146,5.0,2024-09-08
U070,P025,3.5,2024-08-27
U070,P023,5.0,2024-02-01
U070,P029,4.0,2024-10-12
U070,P032,5.0,2024-07-31
U070,P136,4.0,2024-12-28
U070,P033,3.5,2024-11-11
U070,P027,4.0,2024-09-27
U070,P122,3.5,2024-02-06
U070,P127,4.0,2024-02-09
U070,P126,4.0,2024-09-22
U070,P128,3.5,2024-02-21
U070,P039,5.0,2024-04-28
U070,P091,4.5,2024-07-16
U070,P097,4.0,2024-04-08
U070,P124,4.5,2024-12-02
U070,P092,4.0,2024-10-18
U070,P036,5.0,2024-04-01
U070,P037,4.5,2024-10-12
U070,P040,4.5,2024-02-24
U070,P093,5.0,2024-10-22
U070,P106,3.5,2024-12-11
U070,P053,4.5,2024-12-25
U070,P007,4.0,2024-02-23
U070,P067,2.0,2024-04-02
U070,P049,5.0,2024-07-24
U070,P108,5.0,2024-06-21
U070,P132,2.0,2024-09-30
U070,P010,4.5,2024-06-29
U070,P002,3.5,2024-10-08
U070,P047,3.5,2024-07-09
U071,P132,3.5,2024-08-23
U071,P028,4.0,2024-03-20
U071,P142,4.0,2024-05-15
U071,P021,4.0,2024-10-25
U071,P129,4.0,2024-04-29
U071,P016,4.0,2024-06-02
U071,P127,3.5,2024-10-19
U071,P125,4.5,2024-10-18
U071,P014,4.0,2024-02-09
U071,P025,5.0,2024-06-15
U071,P126,4.5,2024-03-29
U071,P017,4.5,2024-12-19
U071,P024,5.0,2024-10-22
U071,P029,3.5,2024-10-31
U071,P136,5.0,2024-06-02
U071,P026,3.5,2024-10-22
U071,P001,4.5,2024-02-10
U071,P003,3.5,2024-06-20
U071,P010,4.0,2024-08-10
U071,P020,4.5,2024-03-02
U071,P123,4.0,2024-11-30
U071,P128,4.5,2024-01-06
U071,P005,5.0,2024-11-19
U071,P121,4.5,2024-01-28
U071,P133,4.0,2024-09-25
U071,P124,3.5,2024-06-12
U071,P008,4.5,2024-10-16
U071,P058,2.0,2024-06-16
U071,P071,5.0,2024-12-23
U071,P033,2.5,2024-03-19
U071,P148,1.0,2024-12-10
U071,P119,4.0,2024-08-16
U071,P066,5.0,2024-02-16
U071,P101,2.5,2024-08-09
U071,P096,3.0,2024-07-20
U071,P102,2.0,2024-03-08
U071,P104,3.5,2024-02-12
U071,P050,4.5,2024-10-19
U071,P043,1.0,2024-10-07
U072,P006,5.0,2024-07-30
U072,P096,4.5,2024-07-06
U072,P103,4.0,2024-04-07
U072,P098,4.0,2024-06-25
U072,P009,4.5,2024-12-01
U072,P132,3.5,2024-06-05
U072,P101,4.0,2024-06-28
U072,P106,4.5,2024-08-14
U072,P023,4.5,2024-03-15
U072,P102,4.5,2024-01-23
U072,P135,4.0,2024-04-12
U072,P107,5.0,2024-07-10
U072,P026,4.0,2024-02-13
U072,P134,3.5,2024-01-28
U072,P003,4.0,2024-11-13
U072,P110,4.0,2024-05-27
U072,P145,1.0,2024-06-24
U072,P076,1.5,2024-06-05
U072,P062,4.5,2024-08-29
U072,P128,1.0,2024-06-18
U072,P114,2.5,2024-10-02
U072,P032,2.5,2024-04-14
U072,P035,5.0,2024-09-24
U073,P121,4.5,2024-12-29
U073,P130,3.5,2024-06-10
U073,P142,4.5,2024-11-01
U073,P010,4.5,2024-02-15
U073,P136,4.0,2024-04-11
U073,P134,4.5,2024-08-22
U073,P002,4.5,2024-12-30
U073,P025,3.5,2024-01-21
U073,P128,4.0,2024-09-28
U073,P124,4.0,2024-06-19
U073,P003,4.5,2024-07-20
U073,P017,5.0,2024-03-21
U073,P011,3.5,2024-06-26
U073,P004,5.0,2024-06-29
U073,P019,4.0,2024-11-16
U073,P013,4.0,2024-04-30
U073,P018,4.5,2024-05-21
U073,P126,3.5,2024-11-16
U073,P015,4.0,2024-07-17
U073,P021,3.5,2024-10-11
U073,P001,4.0,2024-04-25
U073,P129,4.0,2024-06-23
U073,P080,4.0,2024-12-02
U073,P115,2.0,2024-02-14
U073,P065,4.0,2024-09-23
U073,P077,2.5,2024-08-01
U073,P044,2.5,2024-10-20
U073,P033,2.0,2024-08-06
U073,P068,3.0,2024-11-05
U073,P114,3.5,2024-08-17
U073,P060,5.0,2024-03-08
U073,P079,2.5,2024-11-30
U074,P075,3.5,2024-03-08
U074,P147,4.0,2024-01-14
U074,P033,4.5,2024-11-11
U074,P029,4.0,2024-11-06
U074,P040,4.5,2024-11-09
U074,P074,4.0,2024-11-01
U074,P145,4.0,2024-04-28
U074,P048,5.0,2024-01-14
U074,P030,4.0,2024-02-10
U074,P031,5.0,2024-09-01
U074,P041,4.0,2024-09-14
U074,P025,4.5,2024-08-28
U074,P028,5.0,2024-11-28
U074,P032,4.0,2024-04-04
U074,P076,4.5,2024-09-08
U074,P047,4.5,2024-03-11
U074,P049,4.0,2024-04-08
U074,P080,4.0,2024-01-17
U074,P044,4.5,2024-01-08
U074,P021,4.0,2024-07-30
U074,P045,4.0,2024-12-09
U074,P071,4.0,2024-04-14
U074,P034,3.5,2024-03-31
U074,P093,4.5,2024-11-11
U074,P069,4.5,2024-12-18
U074,P097,3.5,2024-08-22
U074,P137,2.5,2024-08-06
U074,P122,4.0,2024-01-22
U074,P135,4.0,2024-06-09
U074,P066,4.0,2024-11-09
U074,P020,5.0,2024-09-25
U074,P141,1.0,2024-09-23
U074,P055,1.5,2024-08-19
U075,P016,4.0,2024-08-24
U075,P124,4.0,2024-08-04
U075,P125,4.0,2024-11-09
U075,P026,3.5,2024-12-19
U075,P003,4.5,2024-03-13
U075,P126,4.5,2024-11-26
U075,P025,4.5,2024-02-16
U075,P143,5.0,2024-09-13
U075,P132,3.5,2024-04-02
U075,P004,4.5,2024-12-22
U075,P013,4.5,2024-03-10
U075,P068,4.0,2024-07-30
U075,P087,3.5,2024-08-18
U075,P081,1.0,2024-04-01
U075,P069,4.5,2024-10-29
U075,P149,2.5,2024-08-20
U076,P021,5.0,2024-03-17
U076,P136,4.0,2024-03-15
U076,P133,4.0,2024-12-30
U076,P141,3.5,2024-08-02
U076,P011,4.0,2024-06-07
U076,P008,5.0,2024-08-16
U076,P006,4.0,2024-11-16
U076,P135,4.0,2024-03-01
U076,P029,4.0,2024-04-13
U076,P024,3.5,2024-11-14
U076,P134,4.0,2024-01-07
U076,P124,4.5,2024-09-11
U076,P025,4.5,2024-10-05
U076,P123,3.5,2024-11-07
U076,P143,4.5,2024-05-01
U076,P127,4.0,2024-10-28
U076,P101,4.5,2024-08-20
U076,P079,4.0,2024-08-14
U076,P036,1.5,2024-11-03
U076,P148,1.0,2024-05-05
U076,P052,5.0,2024-05-22
U076,P073,5.0,2024-04-16
U076,P103,1.0,2024-04-04
U077,P133,5.0,2024-05-25
U077,P063,4.5,2024-12-04
U077,P003,5.0,2024-12-24
U077,P010,4.5,2024-10-20
U077,P142,4.5,2024-03-31
U077,P134,4.5,2024-10-23
U077,P117,4.0,2024-01-19
U077,P119,3.5,2024-06-02
U077,P020,4.0,2024-07-07
U077,P062,4.5,2024-02-04
U077,P006,4.5,2024-10-08
U077,P027,1.5,2024-05-29
U077,P034,4.5,2024-03-09
U077,P084,1.5,2024-12-21
U077,P043,3.0,2024-06-17
U077,P041,5.0,2024-07-30
U078,P034,5.0,2024-11-19
U078,P130,4.5,2024-09-09
U078,P024,4.0,2024-11-08
U078,P027,4.0,2024-12-28
U078,P127,4.0,2024-04-09
U078,P124,3.5,2024-03-01
U078,P026,3.5,2024-08-26
U078,P121,5.0,2024-03-01
U078,P039,5.0,2024-04-16
U078,P098,4.5,2024-07-31
U078,P091,4.5,2024-01-24
U078,P037,4.0,2024-06-28
U078,P122,4.5,2024-11-22
U078,P125,4.0,2024-01-06
U078,P110,2.5,2024-12-19
U078,P066,3.0,2024-05-10
U078,P017,1.5,2024-06-06
U078,P109,3.0,2024-09-16
U078,P103,5.0,2024-06-14
U078,P084,1.0,2024-02-28
U078,P087,3.5,2024-06-23
U079,P117,4.5,2024-11-16
U079,P120,4.5,2024-03-25
U079,P002,4.5,2024-11-06
U079,P012,4.5,2024-04-05
U079,P013,4.5,2024-02-29
U079,P062,4.0,2024-12-27
U079,P139,4.0,2024-12-29
U079,P135,3.5,2024-05-19
U079,P111,4.5,2024-02-14
U079,P137,4.5,2024-05-01
U079,P003,4.0,2024-08-19
U079,P009,4.0,2024-04-20
U079,P134,4.5,2024-06-03
U079,P010,4.0,2024-02-27
U079,P070,4.0,2024-01-20
U079,P115,4.0,2024-02-17
U079,P138,4.5,2024-09-16
U079,P118,3.5,2024-09-04
U079,P067,4.5,2024-03-19
U079,P004,4.0,2024-06-23
U079,P020,4.5,2024-09-25
U079,P019,4.0,2024-06-16
U079,P064,4.0,2024-02-20
U079,P116,4.5,2024-12-12
U079,P011,4.0,2024-04-15
U079,P018,5.0,2024-01-19
U079,P099,4.5,2024-07-17
U079,P023,5.0,2024-02-29
U079,P047,1.0,2024-06-08
U079,P104,1.0,2024-12-17
U079,P128,1.5,2024-06-19
U079,P073,4.5,2024-01-24
U079,P076,1.5,2024-09-23
U079,P029,3.0,2024-01-12
U079,P040,3.0,2024-11-23
U079,P056,2.5,2024-06-13
U079,P024,2.5,2024-04-08
U079,P074,3.0,2024-05-21
U080,P099,4.0,2024-11-09
U080,P134,4.0,2024-10-03
U080,P008,4.5,2024-01-26
U080,P028,4.0,2024-01-15
U080,P010,4.5,2024-12-11
U080,P021,3.5,2024-02-24
U080,P133,4.5,2024-01-28
U080,P135,3.5,2024-08-06
U080,P001,4.5,2024-04-01
U080,P106,5.0,2024-11-01
U080,P103,4.5,2024-11-18
U080,P007,5.0,2024-12-24
U080,P024,4.5,2024-11-11
U080,P093,4.0,2024-06-08
U080,P109,4.0,2024-04-11
U080,P110,5.0,2024-12-09
U080,P009,4.5,2024-02-10
U080,P039,4.5,2024-10-17
U080,P131,2.0,2024-02-17
U080,P148,4.5,2024-02-19
U080,P057,4.5,2024-06-07
U080,P114,4.5,2024-08-28
U080,P052,2.5,2024-04-24
U080,P042,2.0,2024-11-11
U080,P020,3.0,2024-07-05
U081,P148,4.5,2024-02-22
U081,P146,4.5,2024-12-31
U081,P042,3.5,2024-06-15
U081,P041,4.5,2024-11-28
U081,P050,3.5,2024-06-03
U081,P072,4.5,2024-08-24
U081,P022,4.5,2024-10-29
U081,P025,4.5,2024-05-02
U081,P071,4.5,2024-05-04
U081,P028,4.5,2024-03-22
U081,P043,4.5,2024-07-15
U081,P077,3.5,2024-06-23
U081,P136,4.0,2024-12-21
U081,P031,4.5,2024-08-08
U081,P067,4.0,2024-10-17
U081,P140,3.5,2024-10-05
U081,P085,2.5,2024-03-29
U081,P118,1.5,2024-12-30
U081,P114,4.5,2024-02-28
U081,P017,4.5,2024-06-15
U082,P029,3.5,2024-03-16
U082,P012,5.0,2024-03-17
U082,P020,4.5,2024-09-29
U082,P026,4.0,2024-07-18
U082,P005,4.5,2024-10-22
U082,P129,4.5,2024-04-10
U082,P007,4.0,2024-12-14
U082,P135,4.0,2024-06-02
U082,P025,4.5,2024-12-13
U082,P021,4.0,2024-08-10
U082,P122,5.0,2024-06-25
U082,P004,3.5,2024-10-25
U082,P042,1.0,2024-11-09
U082,P058,5.0,2024-07-25
U082,P048,2.0,2024-05-30
U082,P105,1.0,2024-07-08
U082,P146,5.0,2024-01-28
U082,P112,1.0,2024-12-26
U083,P008,3.5,2024-02-06
U083,P029,5.0,2024-01-09
U083,P002,4.0,2024-09-06
U083,P026,5.0,2024-08-11
U083,P098,4.0,2024-02-13
U083,P108,4.0,2024-11-24
U083,P096,4.5,2024-08-21
U083,P091,5.0,2024-11-05
U083,P095,4.5,2024-11-15
U083,P109,4.0,2024-08-20
U083,P107,4.5,2024-08-05
U083,P132,4.5,2024-08-18
U083,P024,4.5,2024-06-30
U083,P022,4.0,2024-04-05
U083,P133,4.5,2024-11-05
U083,P005,3.5,2024-10-22
U083,P007,4.5,2024-05-01
U083,P028,5.0,2024-09-13
U083,P070,3.0,2024-07-29
U083,P067,5.0,2024-10-22
U083,P074,3.5,2024-01-18
U083,P040,1.0,2024-10-17
U083,P057,4.5,2024-12-26
U083,P126,3.5,2024-02-27
U083,P037,4.5,2024-12-19
U083,P038,1.5,2024-03-13
U084,P074,5.0,2024-08-30
U084,P038,4.5,2024-03-27
U084,P050,4.5,2024-01-27
U084,P148,5.0,2024-05-29
U084,P026,5.0,2024-11-15
U084,P145,3.5,2024-05-26
U084,P136,4.5,2024-02-12
U084,P036,4.0,2024-09-15
U084,P071,3.5,2024-05-22
U084,P025,4.0,2024-03-08
U084,P075,4.5,2024-05-23
U084,P040,4.0,2024-05-11
U084,P024,3.5,2024-02-27
U084,P042,4.5,2024-03-30
U084,P147,4.5,2024-03-18
U084,P045,5.0,2024-08-16
U084,P021,4.0,2024-03-30
U084,P078,4.0,2024-12-24
U084,P035,4.0,2024-09-05
U084,P037,4.0,2024-09-27
U084,P048,3.5,2024-06-24
U084,P039,3.5,2024-03-15
U084,P031,4.5,2024-03-19
U084,P034,4.5,2024-07-30
U084,P032,4.5,2024-05-01
U084,P030,5.0,2024-08-13
U084,P068,2.0,2024-04-17
U084,P052,3.5,2024-01-28
U084,P005,3.0,2024-02-29
U084,P129,1.0,2024-03-26
U084,P117,4.5,2024-07-23
U084,P137,4.5,2024-06-03
U084,P069,4.5,2024-09-29
U084,P134,2.5,2024-07-13
U084,P142,4.0,2024-08-30
U084,P113,3.0,2024-03-15
U084,P064,5.0,2024-08-10
U084,P008,1.0,2024-05-27
U085,P091,5.0,2024-12-19
U085,P124,4.0,2024-06-09
U085,P023,4.5,2024-01-06
U085,P027,5.0,2024-01-05
U085,P125,3.5,2024-01-07
U085,P093,4.5,2024-02-20
U085,P098,4.5,2024-02-23
U085,P038,5.0,2024-08-16
U085,P092,4.0,2024-04-22
U085,P126,5.0,2024-05-25
U085,P145,4.0,2024-04-08
U085,P130,3.5,2024-01-13
U085,P029,4.5,2024-02-17
U085,P146,3.5,2024-10-31
U085,P039,5.0,2024-04-21
U085,P033,4.5,2024-11-22
U085,P035,3.5,2024-12-28
U085,P095,3.5,2024-02-14
U085,P117,2.0,2024-07-11
U085,P137,2.0,2024-02-26
U085,P051,2.0,2024-05-09
U085,P134,3.0,2024-08-27
U085,P106,1.5,2024-11-23
U085,P140,4.5,2024-05-21
U085,P045,4.0,2024-12-20
U085,P087,3.5,2024-05-11
U085,P064,2.0,2024-02-07
U086,P024,5.0,2024-01-01
U086,P045,3.5,2024-12-06
U086,P147,4.5,2024-05-16
U086,P042,4.0,2024-12-24
U086,P148,4.0,2024-07-19
U086,P037,4.5,2024-01-02
U086,P080,4.5,2024-12-28
U086,P032,4.5,2024-09-01
U086,P049,4.5,2024-07-25
U086,P025,5.0,2024-02-05
U086,P072,4.5,2024-04-25
U086,P033,3.5,2024-07-15
U086,P046,5.0,2024-09-03
U086,P078,3.5,2024-10-17
U086,P041,4.5,2024-07-02
U086,P036,4.0,2024-12-15
U086,P136,4.0,2024-07-24
U086,P076,3.5,2024-11-19
U086,P038,5.0,2024-02-16
U086,P146,4.0,2024-09-30
U086,P034,4.0,2024-02-11
U086,P027,4.5,2024-05-28
U086,P040,5.0,2024-04-13
U086,P071,4.0,2024-10-10
U086,P077,3.5,2024-07-15
U086,P035,5.0,2024-04-07
U086,P029,4.0,2024-12-22
U086,P014,4.0,2024-02-24
U086,P005,3.5,2024-09-06
U086,P010,1.5,2024-11-19
U086,P114,4.5,2024-04-07
U086,P134,2.0,2024-01-19
U086,P063,2.5,2024-01-13
U086,P141,2.5,2024-09-07
U086,P098,4.0,2024-02-02
U086,P003,5.0,2024-11-25
U086,P104,3.0,2024-09-12
U086,P020,5.0,2024-08-18
U086,P124,1.0,2024-01-19
U087,P062,5.0,2024-03-13
U087,P142,4.5,2024-11-30
U087,P013,3.5,2024-08-29
U087,P066,4.5,2024-01-24
U087,P018,4.0,2024-12-25
U087,P054,5.0,2024-03-07
U087,P137,3.5,2024-03-29
U087,P114,5.0,2024-01-26
U087,P070,4.0,2024-02-19
U087,P115,4.5,2024-11-08
U087,P020,4.0,2024-10-29
U087,P136,1.5,2024-02-24
U087,P105,1.5,2024-09-11
U087,P040,2.5,2024-02-02
U087,P010,2.5,2024-08-06
U087,P005,3.5,2024-12-13
U088,P018,4.0,2024-02-21
U088,P139,5.0,2024-11-09
U088,P117,4.5,2024-03-21
U088,P115,3.5,2024-09-06
U088,P019,3.5,2024-01-04
U088,P061,3.5,2024-04-01
U088,P054,3.5,2024-12-27
U088,P013,5.0,2024-10-30
U088,P118,4.0,2024-08-01
U088,P052,5.0,2024-08-31
U088,P062,5.0,2024-03-05
U088,P015,4.0,2024-03-14
U088,P144,5.0,2024-05-18
U088,P058,4.5,2024-08-18
U088,P020,4.5,2024-05-02
U088,P067,4.0,2024-11-08
U088,P051,5.0,2024-01-20
U088,P130,2.0,2024-09-12
U088,P078,1.5,2024-11-17
U088,P101,3.0,2024-06-27
U088,P032,4.0,2024-01-03
U088,P087,5.0,2024-04-30
U088,P042,2.5,2024-03-01
U088,P105,5.0,2024-02-18
U088,P006,3.5,2024-10-03
U089,P070,4.5,2024-08-20
U089,P131,3.5,2024-02-23
U089,P138,5.0,2024-01-27
U089,P054,4.5,2024-03-31
U089,P058,4.0,2024-01-15
U089,P014,4.5,2024-09-20
U089,P053,3.5,2024-02-06
U089,P018,4.0,2024-08-15
U089,P020,4.5,2024-10-23
U089,P111,4.0,2024-08-02
U089,P112,4.0,2024-12-12
U089,P052,4.0,2024-04-27
U089,P051,3.5,2024-06-15
U089,P013,4.0,2024-02-20
U089,P139,4.0,2024-07-30
U089,P123,2.5,2024-07-11
U089,P077,2.5,2024-02-07
U089,P047,4.5,2024-10-26
U089,P037,4.5,2024-01-28
U089,P086,4.0,2024-03-15
U089,P043,2.5,2024-11-08
U089,P073,4.5,2024-04-01
U090,P029,4.5,2024-03-28
U090,P100,4.5,2024-10-10
U090,P033,4.0,2024-02-14
U090,P093,4.5,2024-09-24
U090,P038,4.5,2024-04-20
U090,P136,4.5,2024-08-30
U090,P092,4.5,2024-05-22
U090,P146,3.5,2024-08-07
U090,P023,5.0,2024-05-06
U090,P024,4.0,2024-06-16
U090,P129,4.5,2024-10-23
U090,P126,4.0,2024-10-29
U090,P124,4.0,2024-10-20
U090,P098,3.5,2024-08-01
U090,P035,3.5,2024-01-21
U090,P099,4.5,2024-09-15
U090,P034,3.5,2024-08-05
U090,P026,4.5,2024-07-20
U090,P139,4.5,2024-12-22
U090,P064,1.5,2024-08-19
U090,P049,4.5,2024-05-03
U090,P058,1.5,2024-10-12
U090,P108,1.0,2024-12-20
U090,P041,4.0,2024-04-21
U090,P143,2.0,2024-07-02
U090,P112,3.0,2024-05-02
U091,P022,4.0,2024-11-16
U091,P071,4.5,2024-12-26
U091,P146,5.0,2024-01-01
U091,P040,5.0,2024-02-06
U091,P031,4.5,2024-12-19
U091,P050,4.0,2024-09-28
U091,P077,3.5,2024-05-31
U091,P078,4.5,2024-05-18
U091,P148,5.0,2024-11-09
U091,P080,4.5,2024-10-21
U091,P076,4.0,2024-12-16
U091,P140,1.5,2024-11-13
U091,P018,3.5,2024-01-29
U091,P131,5.0,2024-12-11
U091,P092,3.5,2024-01-27
U091,P054,1.5,2024-07-15
U091,P143,3.5,2024-08-26
U092,P064,4.5,2024-12-25
U092,P144,4.0,2024-04-25
U092,P052,4.0,2024-06-29
U092,P137,4.0,2024-09-14
U092,P116,5.0,2024-08-04
U092,P015,4.0,2024-01-28
U092,P140,3.5,2024-07-09
U092,P054,4.0,2024-08-19
U092,P019,4.5,2024-09-13
U092,P062,4.5,2024-03-03
U092,P056,4.5,2024-12-29
U092,P100,5.0,2024-12-13
U092,P025,5.0,2024-05-29
U092,P124,4.5,2024-11-13
U092,P092,3.5,2024-12-10
U092,P136,1.5,2024-04-06
U093,P006,4.5,2024-12-15
U093,P066,4.5,2024-03-08
U093,P012,4.5,2024-06-26
U093,P019,4.5,2024-08-15
U093,P005,5.0,2024-11-26
U093,P007,3.5,2024-05-29
U093,P011,4.0,2024-02-02
U093,P018,3.5,2024-04-28
U093,P008,4.5,2024-11-26
U093,P010,4.0,2024-07-29
U093,P112,4.5,2024-06-24
U093,P040,3.5,2024-09-05
U093,P047,5.0,2024-10-07
U093,P097,4.5,2024-08-22
U093,P121,3.0,2024-10-17
U093,P023,2.0,2024-06-05
U093,P058,2.0,2024-05-13
U094,P094,4.0,2024-06-25
U094,P029,4.0,2024-07-09
U094,P004,4.5,2024-10-03
U094,P010,4.0,2024-09-30
U094,P093,4.0,2024-03-03
U094,P135,3.5,2024-07-26
U094,P100,4.5,2024-03-15
U094,P021,4.5,2024-06-12
U094,P108,4.0,2024-01-03
U094,P105,5.0,2024-10-06
U094,P110,4.5,2024-06-18
U094,P022,5.0,2024-12-27
U094,P104,4.0,2024-08-30
U094,P133,4.0,2024-10-20
U094,P006,5.0,2024-03-16
U094,P008,4.5,2024-08-14
U094,P134,4.0,2024-12-18
U094,P002,3.5,2024-09-02
U094,P107,3.5,2024-03-12
U094,P106,5.0,2024-10-09
U094,P005,3.5,2024-06-06
U094,P077,1.0,2024-07-24
U094,P054,2.5,2024-08-16
U094,P068,3.5,2024-02-17
U094,P044,3.5,2024-01-29
U094,P047,2.5,2024-10-25
U094,P112,5.0,2024-04-23
U094,P131,3.0,2024-04-10
U094,P015,1.0,2024-02-12
U094,P126,5.0,2024-08-16
U095,P016,3.5,2024-03-14
U095,P113,4.0,2024-06-04
U095,P066,4.5,2024-09-25
U095,P053,4.0,2024-02-03
U095,P112,4.5,2024-07-11
U095,P061,3.5,2024-01-04
U095,P119,4.5,2024-11-23
U095,P138,4.0,2024-07-31
U095,P143,4.0,2024-10-11
U095,P014,4.5,2024-12-29
U095,P064,4.5,2024-03-11
U095,P142,4.0,2024-04-05
U095,P020,4.5,2024-05-28
U095,P068,4.5,2024-09-08
U095,P137,3.5,2024-06-03
U095,P065,4.5,2024-06-04
U095,P115,4.5,2024-10-13
U095,P011,5.0,2024-08-25
U095,P117,4.0,2024-01-14
U095,P052,3.5,2024-03-19
U095,P070,4.0,2024-06-02
U095,P111,5.0,2024-11-21
U095,P055,4.5,2024-03-04
U095,P058,5.0,2024-12-06
U095,P013,4.0,2024-08-01
U095,P038,2.0,2024-09-08
U095,P135,2.5,2024-01-15
U095,P087,1.5,2024-05-21
U095,P136,4.5,2024-02-04
U095,P084,3.5,2024-10-24
U095,P047,4.5,2024-10-16
U095,P031,4.0,2024-05-12
U095,P085,4.5,2024-12-21
U095,P028,1.5,2024-07-10
U095,P106,5.0,2024-10-21
U095,P107,1.0,2024-05-12
U096,P014,5.0,2024-07-04
U096,P020,3.5,2024-09-30
U096,P061,4.5,2024-06-29
U096,P070,4.0,2024-01-07
U096,P140,4.0,2024-09-22
U096,P019,4.0,2024-07-09
U096,P063,4.5,2024-07-29
U096,P051,4.0,2024-03-24
U096,P144,3.5,2024-04-21
U096,P058,4.0,2024-09-14
U096,P064,4.0,2024-04-06
U096,P067,4.5,2024-11-10
U096,P138,5.0,2024-09-26
U096,P131,4.5,2024-12-30
U096,P059,4.5,2024-12-25
U096,P115,3.5,2024-08-01
U096,P015,4.5,2024-02-09
U096,P053,3.5,2024-03-08
U096,P065,3.5,2024-09-02
U096,P142,4.0,2024-06-08
U096,P016,5.0,2024-07-04
U096,P111,4.0,2024-08-14
U096,P116,4.5,2024-09-24
U096,P107,3.5,2024-03-29
U096,P146,3.0,2024-01-15
U096,P032,1.5,2024-04-23
U096,P100,2.0,2024-12-21
U096,P072,2.0,2024-12-18
U096,P071,2.5,2024-06-06
U096,P128,2.0,2024-04-17
U096,P049,2.0,2024-02-10
U096,P045,4.0,2024-12-19
U096,P130,1.5,2024-02-09
U097,P111,4.5,2024-05-03
U097,P068,4.5,2024-10-18
U097,P013,3.5,2024-02-20
U097,P053,4.5,2024-01-08
U097,P017,4.5,2024-04-21
U097,P142,5.0,2024-04-08
U097,P138,4.0,2024-03-28
U097,P113,4.5,2024-01-03
U097,P118,5.0,2024-02-20
U097,P014,4.0,2024-09-15
U097,P144,5.0,2024-08-31
U097,P018,4.0,2024-12-23
U097,P057,4.5,2024-04-04
U097,P139,4.5,2024-12-10
U097,P015,3.5,2024-04-02
U097,P060,4.0,2024-07-13
U097,P011,4.5,2024-04-19
U097,P140,4.5,2024-04-26
U097,P066,4.5,2024-02-27
U097,P120,4.0,2024-03-04
U097,P114,4.5,2024-02-26
U097,P112,4.5,2024-03-10
U097,P059,4.5,2024-07-03
U097,P143,5.0,2024-05-27
U097,P016,4.5,2024-01-21
U097,P062,3.5,2024-06-16
U097,P052,4.5,2024-02-29
U097,P004,4.0,2024-05-25
U097,P022,4.5,2024-11-03
U097,P029,3.0,2024-12-17
U097,P145,4.5,2024-04-25
U097,P046,5.0,2024-07-27
U097,P105,3.0,2024-08-07
U097,P075,2.5,2024-02-05
U097,P076,4.5,2024-12-13
U097,P031,3.5,2024-04-01
U097,P095,1.0,2024-12-11
U097,P149,4.5,2024-12-10
U097,P135,1.5,2024-07-21
U098,P134,4.5,2024-12-07
U098,P135,4.5,2024-07-26
U098,P006,4.5,2024-09-18
U098,P008,4.0,2024-03-16
U098,P010,4.5,2024-02-25
U098,P066,3.5,2024-05-08
U098,P139,4.5,2024-09-11
U098,P137,4.0,2024-11-17
U098,P118,4.0,2024-01-16
U098,P007,3.5,2024-01-28
U098,P011,3.5,2024-09-12
U098,P005,5.0,2024-01-14
U098,P064,4.0,2024-07-14
U098,P013,4.5,2024-12-13
U098,P062,4.0,2024-03-19
U098,P119,4.0,2024-11-14
U098,P138,4.5,2024-02-19
U098,P141,3.5,2024-12-04
U098,P015,4.5,2024-09-09
U098,P068,4.5,2024-04-13
U098,P112,4.0,2024-12-04
U098,P056,4.5,2024-09-08
U098,P150,5.0,2024-05-13
U098,P136,5.0,2024-06-24
U098,P105,5.0,2024-10-06
U098,P106,1.0,2024-01-17
U098,P055,4.0,2024-03-01
U098,P149,4.0,2024-08-18
U098,P123,3.5,2024-07-11
U098,P082,4.5,2024-08-23
U098,P076,1.0,2024-01-17
U099,P146,3.5,2024-03-06
U099,P040,4.0,2024-06-27
U099,P031,5.0,2024-10-25
U099,P122,3.5,2024-11-16
U099,P098,4.0,2024-07-13
U099,P029,3.5,2024-08-07
U099,P145,4.0,2024-07-01
U099,P095,4.5,2024-06-28
U099,P130,3.5,2024-12-04
U099,P028,4.0,2024-05-06
U099,P125,4.0,2024-11-27
U099,P121,4.0,2024-10-30
U099,P036,3.5,2024-12-18
U099,P038,3.5,2024-06-05
U099,P129,3.5,2024-06-21
U099,P026,4.0,2024-01-11
U099,P037,4.5,2024-06-15
U099,P022,3.5,2024-08-23
U099,P033,5.0,2024-08-04
U099,P128,4.5,2024-09-20
U099,P123,4.5,2024-05-16
U099,P039,3.5,2024-12-22
U099,P069,4.5,2024-10-28
U099,P109,1.0,2024-06-11
U099,P117,4.0,2024-10-19
U099,P066,4.0,2024-06-14
U099,P140,1.5,2024-09-07
U099,P057,1.5,2024-12-19
U099,P062,2.5,2024-06-21
U099,P008,4.5,2024-09-14
U099,P004,3.5,2024-03-26
U099,P106,3.0,2024-07-05
U100,P122,4.5,2024-08-31
U100,P136,4.5,2024-04-17
U100,P025,4.0,2024-02-09
U100,P125,5.0,2024-06-03
U100,P034,4.5,2024-06-02
U100,P039,4.5,2024-12-05
U100,P037,4.5,2024-06-09
U100,P024,4.0,2024-07-31
U100,P040,4.5,2024-05-08
U100,P096,4.5,2024-09-20
U100,P035,4.5,2024-12-09
U100,P026,4.5,2024-04-02
U100,P093,3.5,2024-11-17
U100,P098,5.0,2024-09-21
U100,P105,2.0,2024-10-22
U100,P013,4.5,2024-04-19
U100,P106,4.5,2024-05-17
U100,P064,5.0,2024-11-10
U100,P055,4.0,2024-10-16
U100,P009,1.0,2024-09-24
U100,P103,2.5,2024-07-05
U101,P036,4.0,2024-01-15
U101,P030,4.0,2024-06-07
U101,P040,4.5,2024-09-05
U101,P098,4.5,2024-08-11
U101,P097,4.5,2024-11-27
U101,P091,3.5,2024-04-13
U101,P025,4.0,2024-05-19
U101,P034,4.0,2024-01-15
U101,P129,4.0,2024-05-22
U101,P038,5.0,2024-10-08
U101,P039,4.0,2024-11-25
U101,P031,3.5,2024-09-05
U101,P029,3.5,2024-01-29
U101,P118,1.5,2024-06-09
U101,P107,3.0,2024-02-02
U101,P051,4.0,2024-07-05
U101,P072,1.5,2024-07-22
U101,P015,2.0,2024-04-30
U101,P020,1.5,2024-10-19
U102,P008,3.5,2024-06-11
U102,P124,4.5,2024-08-04
U102,P134,4.5,2024-12-15
U102,P128,4.0,2024-05-22
U102,P143,4.0,2024-07-04
U102,P017,4.5,2024-07-07
U102,P122,4.0,2024-01-11
U102,P006,5.0,2024-11-06
U102,P016,3.5,2024-12-05
U102,P129,3.5,2024-12-19
U102,P144,5.0,2024-05-02
U102,P021,4.0,2024-10-09
U102,P022,4.5,2024-06-07
U102,P025,5.0,2024-12-24
U102,P132,4.0,2024-12-16
U102,P028,3.5,2024-09-30
U102,P014,4.0,2024-08-14
U102,P010,4.5,2024-01-05
U102,P004,4.5,2024-05-10
U102,P133,4.0,2024-02-16
U102,P007,4.0,2024-06-01
U102,P066,2.5,2024-03-23
U102,P087,4.5,2024-11-19
U102,P083,3.5,2024-11-25
U102,P063,4.0,2024-01-18
U102,P106,3.0,2024-02-11
U102,P038,4.5,2024-08-29
U102,P093,4.0,2024-06-19
U102,P099,4.0,2024-02-21
U102,P078,2.0,2024-12-23
U102,P120,3.0,2024-09-16
U103,P027,4.5,2024-12-17
U103,P129,4.5,2024-06-12
U103,P142,4.5,2024-09-01
U103,P126,5.0,2024-03-09
U103,P021,4.0,2024-03-29
U103,P030,5.0,2024-10-30
U103,P002,4.0,2024-05-24
U103,P004,4.0,2024-02-13
U103,P012,4.5,2024-07-07
U103,P029,4.0,2024-07-20
U103,P009,4.5,2024-10-19
U103,P001,4.0,2024-01-11
U103,P026,3.5,2024-10-12
U103,P013,5.0,2024-11-09
U103,P020,5.0,2024-04-27
U103,P136,3.5,2024-08-24
U103,P006,4.0,2024-05-14
U103,P008,5.0,2024-03-27
U103,P051,1.0,2024-07-24
U103,P062,4.0,2024-11-03
U103,P097,3.0,2024-03-17
U103,P137,1.5,2024-07-07
U103,P148,2.0,2024-10-17
U103,P114,1.5,2024-01-08
U103,P147,5.0,2024-08-10
U103,P047,4.5,2024-12-10
U104,P015,4.5,2024-03-15
U104,P141,3.5,2024-05-28
U104,P014,4.0,2024-04-30
U104,P013,4.5,2024-08-18
U104,P018,4.0,2024-07-08
U104,P019,4.5,2024-12-16
U104,P122,5.0,2024-08-22
U104,P025,3.5,2024-01-06
U104,P009,4.5,2024-03-09
U104,P028,4.0,2024-12-20
U104,P142,4.5,2024-12-17
U104,P129,4.0,2024-12-31
U104,P067,4.0,2024-12-28
U104,P139,4.0,2024-11-01
U104,P117,3.0,2024-02-07
U104,P055,1.5,2024-10-12
U104,P084,1.0,2024-01-27
U104,P054,3.5,2024-04-30
U105,P129,4.0,2024-05-13
U105,P146,3.5,2024-06-09
U105,P023,3.5,2024-03-06
U105,P021,4.5,2024-05-23
U105,P037,5.0,2024-07-03
U105,P123,4.5,2024-05-24
U105,P095,4.0,2024-11-09
U105,P040,4.0,2024-09-21
U105,P096,4.0,2024-08-11
U105,P094,4.0,2024-06-10
U105,P029,5.0,2024-09-08
U105,P136,4.0,2024-10-11
U105,P039,5.0,2024-11-21
U105,P026,4.5,2024-01-28
U105,P128,4.0,2024-03-17
U105,P100,3.5,2024-04-27
U105,P145,4.0,2024-01-19
U105,P036,4.5,2024-05-13
U105,P064,2.0,2024-12-27
U105,P080,4.5,2024-08-11
U105,P017,1.5,2024-09-10
U105,P012,1.0,2024-08-14
U105,P061,3.5,2024-12-29
U105,P131,5.0,2024-09-05
U105,P088,4.5,2024-09-09
U105,P076,1.5,2024-03-16
U106,P006,5.0,2024-03-03
U106,P014,4.5,2024-07-10
U106,P019,4.5,2024-02-24
U106,P012,4.0,2024-03-19
U106,P011,3.5,2024-02-11
U106,P113,4.5,2024-12-28
U106,P018,5.0,2024-09-02
U106,P117,4.5,2024-11-17
U106,P134,4.0,2024-10-31
U106,P118,5.0,2024-01-03
U106,P143,4.0,2024-01-23
U106,P135,5.0,2024-11-14
U106,P001,4.5,2024-06-15
U106,P114,5.0,2024-10-18
U106,P137,4.0,2024-04-18
U106,P141,3.5,2024-11-25
U106,P067,4.0,2024-06-14
U106,P005,3.5,2024-02-06
U106,P052,5.0,2024-11-04
U106,P094,4.0,2024-02-17
U106,P127,4.0,2024-05-10
U106,P033,2.0,2024-05-02
U106,P073,4.0,2024-02-15
U106,P024,1.0,2024-04-16
U106,P057,2.0,2024-07-17
U106,P128,4.0,2024-05-25
U107,P133,5.0,2024-12-31
U107,P010,4.0,2024-09-10
U107,P008,4.5,2024-11-18
U107,P020,5.0,2024-09-25
U107,P112,3.5,2024-05-28
U107,P068,4.5,2024-08-11
U107,P141,3.5,2024-09-01
U107,P135,4.0,2024-03-17
U107,P119,4.0,2024-12-16
U107,P009,4.0,2024-05-07
U107,P063,4.5,2024-08-06
U107,P007,4.0,2024-10-18
U107,P064,3.5,2024-10-09
U107,P113,3.5,2024-01-24
U107,P013,4.5,2024-02-25
U107,P140,4.5,2024-08-05
U107,P069,4.5,2024-02-18
U107,P065,4.5,2024-12-04
U107,P111,5.0,2024-10-18
U107,P018,4.0,2024-06-30
U107,P139,4.0,2024-10-26
U107,P003,3.5,2024-09-14
U107,P115,3.5,2024-02-28
U107,P014,5.0,2024-12-04
U107,P066,4.5,2024-04-01
U107,P012,4.0,2024-07-20
U107,P138,3.5,2024-02-12
U107,P044,4.0,2024-12-26
U107,P086,3.0,2024-06-09
U107,P121,4.5,2024-12-09
U107,P085,4.5,2024-11-15
U107,P032,3.0,2024-06-23
U107,P026,2.0,2024-04-18
U107,P096,2.0,2024-02-10
U107,P074,3.0,2024-12-10
U107,P090,1.5,2024-08-10
U107,P127,5.0,2024-01-10
U107,P049,1.0,2024-07-21
U107,P123,1.5,2024-01-07
U108,P121,4.5,2024-03-16
U108,P030,4.5,2024-08-04
U108,P136,3.5,2024-02-29
U108,P026,4.0,2024-03-19
U108,P134,5.0,2024-12-25
U108,P129,4.5,2024-09-05
U108,P122,4.5,2024-01-11
U108,P020,4.5,2024-10-26
U108,P130,4.0,2024-04-13
U108,P132,4.0,2024-10-18
U108,P024,4.5,2024-01-27
U108,P141,4.0,2024-01-05
U108,P133,3.5,2024-11-18
U108,P006,5.0,2024-08-09
U108,P009,4.5,2024-09-10
U108,P125,5.0,2024-10-23
U108,P001,4.5,2024-10-10
U108,P013,4.0,2024-01-19
U108,P004,4.5,2024-07-23
U108,P027,4.5,2024-09-19
U108,P123,4.5,2024-11-09
U108,P023,5.0,2024-09-06
U108,P007,4.0,2024-12-31
U108,P029,3.5,2024-09-27
U108,P057,1.0,2024-08-04
U108,P092,3.5,2024-10-10
U108,P114,1.5,2024-05-17
U108,P049,4.0,2024-08-30
U108,P061,1.5,2024-09-10
U108,P086,3.5,2024-08-17
U108,P111,4.0,2024-01-11
U108,P099,2.0,2024-05-27
U108,P055,2.5,2024-08-28
U108,P042,3.5,2024-08-12
U108,P069,2.5,2024-09-16
U109,P135,4.0,2024-07-01
U109,P022,5.0,2024-03-22
U109,P129,4.0,2024-09-14
U109,P141,3.5,2024-02-02
U109,P134,4.0,2024-08-08
U109,P030,3.5,2024-11-12
U109,P009,4.0,2024-03-02
U109,P019,4.5,2024-04-24
U109,P025,4.5,2024-05-12
U109,P027,4.0,2024-06-30
U109,P024,3.5,2024-10-12
U109,P121,4.0,2024-03-18
U109,P011,5.0,2024-09-20
U109,P014,4.5,2024-12-08
U109,P133,3.5,2024-12-27
U109,P006,3.5,2024-08-12
U109,P128,4.5,2024-02-26
U109,P136,3.5,2024-11-08
U109,P124,4.5,2024-02-22
U109,P007,4.5,2024-01-22
U109,P123,4.5,2024-02-23
U109,P020,4.0,2024-11-18
U109,P016,3.5,2024-04-15
U109,P043,3.5,2024-03-21
U109,P084,3.0,2024-12-28
U109,P094,4.5,2024-09-16
U109,P069,4.5,2024-02-20
U109,P061,2.0,2024-11-27
U109,P057,3.5,2024-06-20
U109,P102,2.0,2024-03-03
U109,P037,2.5,2024-08-12
U109,P033,4.0,2024-01-04
U109,P076,2.5,2024-08-30
U110,P123,3.5,2024-09-21
U110,P011,3.5,2024-02-13
U110,P006,4.0,2024-06-10
U110,P018,4.5,2024-03-25
U110,P024,4.5,2024-02-01
U110,P027,4.5,2024-01-19
U110,P136,5.0,2024-11-24
U110,P132,4.0,2024-10-21
U110,P016,3.5,2024-11-19
U110,P010,5.0,2024-12-04
U110,P124,4.5,2024-05-31
U110,P135,4.5,2024-07-24
U110,P015,5.0,2024-12-24
U110,P009,4.5,2024-06-04
U110,P028,5.0,2024-06-09
U110,P128,4.0,2024-01-05
U110,P083,3.0,2024-09-27
U110,P089,2.0,2024-12-24
U110,P097,4.0,2024-08-16
U110,P118,2.5,2024-10-05
U110,P077,4.5,2024-12-23
U110,P034,3.5,2024-11-28
U110,P087,4.0,2024-04-11
U110,P049,3.0,2024-02-13
U111,P062,4.5,2024-06-30
U111,P065,3.5,2024-01-25
U111,P139,5.0,2024-03-04
U111,P142,4.5,2024-06-01
U111,P140,4.5,2024-01-03
U111,P009,4.5,2024-06-22
U111,P114,4.0,2024-10-24
U111,P115,4.5,2024-12-31
U111,P019,5.0,2024-12-06
U111,P014,4.5,2024-10-31
U111,P006,4.0,2024-06-28
U111,P113,4.0,2024-05-25
U111,P116,5.0,2024-10-20
U111,P020,5.0,2024-03-12
U111,P138,5.0,2024-07-12
U111,P144,4.5,2024-05-06
U111,P011,3.5,2024-06-16
U111,P002,4.5,2024-10-25
U111,P137,4.0,2024-07-03
U111,P017,4.5,2024-02-20
U111,P016,4.0,2024-12-30
U111,P067,4.5,2024-07-29
U111,P059,1.5,2024-02-17
U111,P145,1.0,2024-08-05
U111,P085,2.0,2024-08-31
U111,P095,2.5,2024-08-16
U111,P035,1.5,2024-07-08
U111,P146,5.0,2024-07-25
U111,P028,5.0,2024-09-22
U111,P078,4.0,2024-05-15
U111,P054,4.5,2024-11-21
U111,P121,4.0,2024-08-13
U112,P047,3.5,2024-07-09
U112,P031,4.0,2024-07-10
U112,P030,4.0,2024-05-30
U112,P073,4.5,2024-01-15
U112,P029,4.0,2024-03-13
U112,P072,4.5,2024-08-03
U112,P050,3.5,2024-06-05
U112,P136,4.0,2024-04-20
U112,P145,4.0,2024-09-07
U112,P074,3.5,2024-03-03
U112,P028,4.5,2024-06-27
U112,P034,3.5,2024-01-23
U112,P079,4.5,2024-09-03
U112,P071,4.5,2024-06-07
U112,P022,4.5,2024-08-19
U112,P044,4.0,2024-07-12
U112,P026,4.5,2024-11-06
U112,P038,4.0,2024-03-11
U112,P032,4.5,2024-11-21
U112,P024,4.5,2024-08-18
U112,P040,5.0,2024-08-17
U112,P093,2.0,2024-06-15
U112,P015,1.5,2024-11-15
U112,P016,4.0,2024-07-17
U112,P088,2.5,2024-07-21
U112,P114,3.5,2024-10-03
U112,P068,1.0,2024-12-09
U112,P006,4.5,2024-05-22
U112,P107,1.5,2024-03-25
U112,P020,1.0,2024-10-19
U113,P040,3.5,2024-02-20
U113,P126,4.5,2024-03-27
U113,P028,4.0,2024-03-14
U113,P145,4.0,2024-05-10
U113,P026,3.5,2024-03-19
U113,P033,4.0,2024-07-27
U113,P125,5.0,2024-03-27
U113,P024,3.5,2024-11-10
U113,P124,4.0,2024-04-02
U113,P128,3.5,2024-12-31
U113,P121,3.5,2024-06-01
U113,P022,4.5,2024-02-20
U113,P130,4.0,2024-03-13
U113,P092,4.5,2024-06-14
U113,P038,4.0,2024-07-11
U113,P129,3.5,2024-01-27
U113,P021,4.0,2024-05-02
U113,P029,4.5,2024-10-27
U113,P027,4.0,2024-09-09
U113,P136,4.5,2024-09-15
U113,P093,4.5,2024-02-28
U113,P039,4.0,2024-02-01
U113,P035,4.0,2024-08-25
U113,P023,4.5,2024-07-27
U113,P099,3.5,2024-09-04
U113,P031,3.5,2024-07-27
U113,P127,5.0,2024-04-29
U113,P122,3.5,2024-05-17
U113,P083,5.0,2024-10-27
U113,P003,1.5,2024-05-06
U113,P064,5.0,2024-11-29
U113,P076,2.0,2024-06-04
U113,P044,4.0,2024-08-16
U113,P074,1.5,2024-11-21
U113,P004,5.0,2024-04-14
U113,P088,2.0,2024-07-10
U113,P061,5.0,2024-03-27
U113,P069,2.5,2024-10-02
U113,P053,4.0,2024-10-11
U113,P012,4.5,2024-01-22
U114,P120,4.5,2024-09-15
U114,P059,4.0,2024-12-15
U114,P137,4.0,2024-11-21
U114,P051,4.0,2024-12-28
U114,P011,4.5,2024-05-19
U114,P014,4.0,2024-12-05
U114,P111,4.0,2024-06-23
U114,P058,4.0,2024-08-23
U114,P119,4.5,2024-06-17
U114,P057,3.5,2024-12-20
U114,P065,4.0,2024-11-26
U114,P063,3.5,2024-11-07
U114,P054,4.5,2024-01-03
U114,P113,3.5,2024-12-10
U114,P143,4.0,2024-07-30
U114,P013,4.5,2024-12-22
U114,P141,5.0,2024-09-07
U114,P015,4.5,2024-10-02
U114,P020,3.5,2024-11-28
U114,P114,5.0,2024-02-09
U114,P081,5.0,2024-01-16
U114,P130,4.5,2024-12-10
U114,P026,1.5,2024-06-29
U114,P028,4.0,2024-11-03
U114,P134,3.5,2024-07-17
U114,P102,2.0,2024-12-22
U114,P046,1.0,2024-03-04
U114,P086,4.5,2024-07-08
U114,P037,2.5,2024-08-15
U115,P143,5.0,2024-07-21
U115,P002,3.5,2024-05-22
U115,P018,4.5,2024-09-13
U115,P135,4.5,2024-03-28
U115,P023,4.5,2024-04-09
U115,P013,5.0,2024-10-16
U115,P006,5.0,2024-12-15
U115,P130,4.5,2024-10-16
U115,P132,4.0,2024-02-03
U115,P020,4.5,2024-03-06
U115,P015,5.0,2024-02-03
U115,P129,4.0,2024-05-12
U115,P122,4.5,2024-04-26
U115,P024,4.5,2024-05-20
U115,P003,4.0,2024-12-13
U115,P066,1.0,2024-12-20
U115,P094,5.0,2024-11-10
U115,P131,3.0,2024-12-14
U115,P108,5.0,2024-08-20
U115,P057,1.0,2024-08-06
U115,P031,1.0,2024-06-14
U115,P056,4.0,2024-07-27
U116,P135,4.5,2024-01-13
U116,P104,5.0,2024-04-25
U116,P100,5.0,2024-08-04
U116,P102,3.5,2024-05-07
U116,P094,4.0,2024-03-25
U116,P136,4.0,2024-06-08
U116,P003,3.5,2024-11-16
U116,P025,5.0,2024-02-19
U116,P004,3.5,2024-09-02
U116,P028,4.5,2024-01-13
U116,P097,4.5,2024-11-16
U116,P099,4.0,2024-05-08
U116,P061,2.5,2024-02-25
U116,P011,4.5,2024-05-02
U116,P071,3.5,2024-01-28
U116,P045,3.5,2024-09-23
U116,P063,2.5,2024-02-07
U116,P031,4.5,2024-02-18
U117,P078,5.0,2024-11-15
U117,P028,3.5,2024-08-20
U117,P026,4.5,2024-08-25
U117,P024,4.5,2024-11-13
U117,P023,4.5,2024-02-21
U117,P045,4.0,2024-11-29
U117,P041,5.0,2024-01-14
U117,P025,4.5,2024-09-21
U117,P029,4.0,2024-10-27
U117,P145,4.0,2024-02-25
U117,P049,3.5,2024-01-07
U117,P076,4.5,2024-12-31
U117,P040,3.5,2024-10-30
U117,P048,4.0,2024-10-20
U117,P136,4.0,2024-11-22
U117,P074,4.5,2024-05-11
U117,P042,4.0,2024-08-03
U117,P022,4.5,2024-11-13
U117,P038,4.5,2024-04-05
U117,P072,4.0,2024-03-11
U117,P068,1.0,2024-01-31
U117,P089,2.0,2024-06-08
U117,P092,4.0,2024-09-19
U117,P013,3.5,2024-06-08
U117,P120,5.0,2024-03-15
U117,P138,2.0,2024-08-28
U117,P093,3.0,2024-11-04
U117,P060,3.5,2024-05-29
U117,P117,3.5,2024-01-05
U118,P146,3.5,2024-09-10
U118,P030,4.0,2024-01-02
U118,P024,5.0,2024-04-24
U118,P036,5.0,2024-04-27
U118,P123,4.5,2024-11-15
U118,P126,4.0,2024-05-02
U118,P136,4.5,2024-06-18
U118,P098,5.0,2024-07-11
U118,P093,4.0,2024-07-23
U118,P033,4.0,2024-01-04
U118,P124,4.0,2024-01-06
U118,P129,3.5,2024-07-02
U118,P096,3.5,2024-10-11
U118,P023,3.5,2024-03-13
U118,P031,4.0,2024-08-13
U118,P027,4.0,2024-11-19
U118,P092,4.5,2024-07-03
U118,P130,3.5,2024-01-16
U118,P125,4.0,2024-04-11
U118,P095,4.0,2024-03-30
U118,P035,4.0,2024-05-14
U118,P040,5.0,2024-03-30
U118,P099,4.0,2024-10-10
U118,P105,2.5,2024-04-01
U118,P103,2.5,2024-01-12
U118,P063,2.0,2024-05-14
U118,P109,1.5,2024-01-11
U118,P059,2.0,2024-07-13
U118,P074,1.5,2024-06-22
U118,P041,2.5,2024-06-05
U118,P014,4.5,2024-05-02
U118,P079,3.5,2024-07-09
U118,P143,2.0,2024-09-26
U119,P138,4.0,2024-02-11
U119,P005,4.5,2024-12-05
U119,P008,4.5,2024-02-03
U119,P010,4.0,2024-09-17
U119,P009,4.5,2024-11-26
U119,P013,4.5,2024-07-10
U119,P139,4.5,2024-09-22
U119,P115,4.5,2024-04-01
U119,P065,4.0,2024-12-30
U119,P064,4.0,2024-09-26
U119,P061,5.0,2024-09-04
U119,P119,5.0,2024-09-10
U119,P068,4.5,2024-05-17
U119,P016,4.5,2024-07-24
U119,P003,5.0,2024-10-25
U119,P144,5.0,2024-01-19
U119,P137,4.0,2024-04-22
U119,P019,4.0,2024-08-19
U119,P141,4.0,2024-07-21
U119,P072,2.5,2024-06-05
U119,P052,4.0,2024-07-12
U119,P027,2.0,2024-07-10
U119,P121,3.0,2024-10-08
U119,P056,1.5,2024-03-09
U119,P037,1.5,2024-05-31
U119,P096,4.5,2024-09-22
U119,P105,3.5,2024-04-27
U119,P093,1.0,2024-08-26
U120,P042,4.5,2024-04-12
U120,P048,4.0,2024-04-10
U120,P049,5.0,2024-06-17
U120,P050,4.0,2024-06-03
U120,P147,5.0,2024-12-15
U120,P047,4.0,2024-04-07
U120,P044,5.0,2024-11-05
U120,P072,4.0,2024-10-05
U120,P041,4.0,2024-01-05
U120,P038,4.0,2024-05-24
U120,P045,4.0,2024-07-25
U120,P022,4.5,2024-10-23
U120,P032,5.0,2024-01-07
U120,P146,4.5,2024-11-30
U120,P028,4.5,2024-03-17
U120,P029,4.5,2024-04-26
U120,P077,4.0,2024-04-17
U120,P023,4.5,2024-04-29
U120,P073,4.5,2024-10-27
U120,P136,4.5,2024-08-27
U120,P030,5.0,2024-08-24
U120,P037,4.0,2024-02-13
U120,P079,4.0,2024-04-06
U120,P110,4.0,2024-12-23
U120,P123,4.0,2024-04-17
U120,P011,4.5,2024-08-18
U120,P142,5.0,2024-01-16
U120,P066,3.5,2024-03-12
U120,P060,2.0,2024-06-05
U120,P013,1.0,2024-09-12
U120,P016,3.5,2024-06-22
U120,P010,2.5,2024-08-02
U120,P087,4.0,2024-12-17
U120,P005,4.0,2024-12-19
U121,P021,4.5,2024-11-23
U121,P128,4.0,2024-02-17
U121,P002,4.0,2024-02-23
U121,P127,5.0,2024-10-10
U121,P003,4.0,2024-01-17
U121,P009,5.0,2024-11-04
U121,P010,4.5,2024-01-14
U121,P022,4.0,2024-04-11
U121,P141,3.5,2024-07-16
U121,P129,4.0,2024-04-15
U121,P130,4.0,2024-05-29
U121,P132,5.0,2024-09-25
U121,P026,3.5,2024-08-20
U121,P025,3.5,2024-07-07
U121,P014,4.5,2024-01-06
U121,P143,4.0,2024-06-16
U121,P039,4.0,2024-07-19
U121,P099,2.0,2024-02-26
U121,P080,2.0,2024-10-01
U121,P055,4.0,2024-09-01
U121,P091,1.5,2024-07-18
U121,P044,2.5,2024-03-07
U121,P073,2.5,2024-06-07
U121,P103,4.0,2024-12-29
U122,P011,5.0,2024-12-30
U122,P119,4.0,2024-07-19
U122,P117,4.5,2024-03-30
U122,P020,4.5,2024-05-07
U122,P118,4.0,2024-11-12
U122,P013,5.0,2024-08-09
U122,P113,4.5,2024-07-15
U122,P135,5.0,2024-04-03
U122,P070,5.0,2024-10-18
U122,P018,3.5,2024-07-20
U122,P139,5.0,2024-01-23
U122,P001,4.0,2024-03-21
U122,P010,4.0,2024-11-17
U122,P069,4.5,2024-05-29
U122,P005,5.0,2024-02-04
U122,P066,5.0,2024-04-21
U122,P016,4.5,2024-07-29
U122,P114,4.5,2024-03-03
U122,P062,4.0,2024-02-09
U122,P112,3.5,2024-09-15
U122,P137,4.0,2024-07-28
U122,P090,4.5,2024-03-25
U122,P104,3.0,2024-04-16
U122,P026,5.0,2024-01-23
U122,P147,4.5,2024-01-14
U122,P032,1.5,2024-11-23
U122,P057,4.5,2024-07-14
U122,P123,3.5,2024-07-23
U122,P089,2.5,2024-07-22
U122,P075,1.0,2024-01-06
U123,P029,3.5,2024-03-31
U123,P091,4.0,2024-03-04
U123,P100,4.5,2024-07-19
U123,P122,4.0,2024-02-09
U123,P136,5.0,2024-01-06
U123,P025,5.0,2024-05-19
U123,P026,4.0,2024-08-13
U123,P126,4.0,2024-04-01
U123,P036,4.0,2024-12-31
U123,P099,3.5,2024-12-11
U123,P146,4.5,2024-04-20
U123,P121,4.5,2024-12-22
U123,P149,1.0,2024-11-21
U123,P056,5.0,2024-11-24
U123,P041,1.5,2024-07-18
U123,P042,3.0,2024-08-15
U123,P003,1.0,2024-11-02
U123,P108,1.0,2024-01-25
U124,P033,4.0,2024-06-14
U124,P036,4.0,2024-01-08
U124,P094,4.5,2024-11-30
U124,P145,4.0,2024-01-07
U124,P146,4.5,2024-04-18
U124,P026,4.5,2024-04-22
U124,P022,3.5,2024-12-02
U124,P097,4.0,2024-11-28
U124,P127,4.5,2024-07-07
U124,P021,3.5,2024-02-04
U124,P092,4.0,2024-07-29
U124,P129,4.0,2024-11-02
U124,P123,4.5,2024-02-22
U124,P121,5.0,2024-10-01
U124,P023,4.5,2024-03-28
U124,P028,4.0,2024-02-18
U124,P024,4.5,2024-06-15
U124,P096,5.0,2024-12-22
U124,P100,4.5,2024-12-13
U124,P128,5.0,2024-03-09
U124,P136,4.0,2024-03-30
U124,P125,5.0,2024-12-18
U124,P034,4.0,2024-12-07
U124,P037,4.5,2024-02-04
U124,P126,4.0,2024-01-10
U124,P031,4.5,2024-10-26
U124,P038,4.5,2024-07-14
U124,P102,5.0,2024-11-23
U124,P111,2.5,2024-09-14
U124,P045,1.0,2024-04-29
U124,P110,1.0,2024-11-11
U124,P047,1.5,2024-06-07
U124,P090,2.5,2024-08-07
U124,P071,2.5,2024-11-13
U124,P075,1.5,2024-01-31
U124,P016,2.0,2024-07-10
U124,P050,4.5,2024-05-31
U124,P048,2.5,2024-03-18
U124,P014,4.0,2024-04-14
U125,P036,4.0,2024-05-04
U125,P129,4.0,2024-10-03
U125,P099,3.5,2024-12-06
U125,P092,4.0,2024-12-17
U125,P029,5.0,2024-04-23
U125,P038,4.5,2024-07-14
U125,P091,4.5,2024-06-13
U125,P023,4.0,2024-08-14
U125,P124,5.0,2024-01-04
U125,P097,3.5,2024-09-08
U125,P039,3.5,2024-04-08
U125,P138,1.0,2024-11-20
U125,P004,2.0,2024-04-14
U125,P050,2.0,2024-02-16
U125,P134,2.0,2024-10-30
U125,P063,5.0,2024-04-14
U126,P026,4.0,2024-09-03
U126,P098,3.5,2024-07-14
U126,P100,4.5,2024-02-12
U126,P040,4.0,2024-10-31
U126,P031,4.5,2024-03-19
U126,P033,4.5,2024-03-30
U126,P036,4.0,2024-07-13
U126,P145,4.5,2024-06-05
U126,P032,4.5,2024-05-25
U126,P127,4.5,2024-10-14
U126,P130,4.5,2024-09-03
U126,P039,3.5,2024-06-19
U126,P122,4.0,2024-08-28
U126,P035,4.0,2024-03-20
U126,P091,4.0,2024-01-03
U126,P027,3.5,2024-09-13
U126,P029,5.0,2024-07-10
U126,P096,4.5,2024-07-26
U126,P124,4.5,2024-07-21
U126,P023,5.0,2024-07-10
U126,P125,4.5,2024-09-07
U126,P071,3.0,2024-11-24
U126,P069,1.5,2024-07-28
U126,P042,1.0,2024-03-04
U126,P081,4.0,2024-10-16
U126,P077,2.0,2024-04-09
U126,P075,4.0,2024-05-10
U126,P085,3.5,2024-09-17
U126,P109,4.5,2024-11-21
U126,P135,3.5,2024-12-22
U126,P076,1.0,2024-11-29
U127,P026,4.5,2024-05-09
U127,P136,5.0,2024-06-03
U127,P101,4.5,2024-09-29
U127,P003,5.0,2024-07-14
U127,P094,4.5,2024-06-06
U127,P002,5.0,2024-07-29
U127,P010,5.0,2024-02-15
U127,P027,3.5,2024-11-21
U127,P100,4.5,2024-06-25
U127,P109,4.0,2024-05-17
U127,P108,5.0,2024-04-17
U127,P135,5.0,2024-07-22
U127,P021,5.0,2024-06-06
U127,P001,3.5,2024-03-27
U127,P004,4.5,2024-01-01
U127,P095,3.5,2024-02-05
U127,P133,5.0,2024-08-01
U127,P091,4.5,2024-08-01
U127,P093,5.0,2024-05-27
U127,P070,4.0,2024-03-28
U127,P071,2.0,2024-07-10
U127,P131,2.0,2024-12-26
U127,P116,2.0,2024-04-11
U127,P031,4.5,2024-04-03
U127,P087,5.0,2024-02-26
U127,P045,4.5,2024-10-17
U127,P075,2.5,2024-04-05
U127,P042,2.5,2024-01-31
U128,P033,3.5,2024-01-05
U128,P037,3.5,2024-05-16
U128,P097,3.5,2024-12-06
U128,P099,4.5,2024-01-22
U128,P027,3.5,2024-04-18
U128,P031,4.5,2024-01-04
U128,P026,4.5,2024-11-04
U128,P039,4.5,2024-05-16
U128,P127,4.5,2024-08-30
U128,P095,4.0,2024-11-05
U128,P028,4.5,2024-06-21
U128,P038,4.0,2024-12-15
U128,P023,4.0,2024-06-10
U128,P128,4.0,2024-07-03
U128,P004,4.0,2024-07-12
U128,P105,1.0,2024-07-01
U128,P051,3.5,2024-02-21
U128,P082,1.0,2024-08-21
U128,P083,4.0,2024-03-12
U128,P117,1.0,2024-11-04
U129,P038,5.0,2024-02-21
U129,P036,5.0,2024-07-16
U129,P094,4.0,2024-11-06
U129,P099,4.0,2024-12-30
U129,P121,4.0,2024-09-23
U129,P123,4.5,2024-09-15
U129,P097,3.5,2024-03-06
U129,P033,4.5,2024-02-14
U129,P021,4.0,2024-12-10
U129,P091,4.5,2024-08-27
U129,P022,4.0,2024-08-16
U129,P136,3.5,2024-09-03
U129,P098,5.0,2024-10-03
U129,P128,4.0,2024-05-04
U129,P096,4.0,2024-03-28
U129,P122,5.0,2024-12-24
U129,P031,3.5,2024-02-24
U129,P092,4.5,2024-01-15
U129,P035,4.0,2024-06-16
U129,P028,4.5,2024-05-23
U129,P040,4.0,2024-05-11
U129,P083,4.5,2024-12-09
U129,P072,1.5,2024-12-06
U129,P135,2.0,2024-09-30
U129,P109,4.5,2024-02-16
U129,P143,3.5,2024-04-24
U129,P011,1.5,2024-11-25
U129,P065,3.5,2024-07-12
U129,P075,4.0,2024-11-30
U129,P081,5.0,2024-08-11
U129,P115,2.5,2024-04-24
U130,P039,4.5,2024-10-01
U130,P026,4.0,2024-07-17
U130,P028,4.5,2024-06-12
U130,P147,4.0,2024-12-13
U130,P042,4.0,2024-09-23
U130,P078,5.0,2024-11-04
U130,P033,4.5,2024-04-23
U130,P146,3.5,2024-07-21
U130,P077,3.5,2024-10-02
U130,P044,4.5,2024-06-10
U130,P029,4.0,2024-05-31
U130,P041,4.0,2024-09-12
U130,P089,4.5,2024-03-16
U130,P114,3.0,2024-03-15
U130,P135,1.0,2024-11-02
U130,P001,3.5,2024-06-07
U130,P070,5.0,2024-12-18
U130,P008,1.5,2024-05-20
U131,P121,5.0,2024-10-07
U131,P132,4.5,2024-02-19
U131,P014,4.0,2024-06-14
U131,P122,4.5,2024-01-28
U131,P019,5.0,2024-06-04
U131,P025,4.5,2024-12-01
U131,P004,4.0,2024-10-22
U131,P022,4.0,2024-08-14
U131,P010,5.0,2024-09-04
U131,P142,4.0,2024-03-15
U131,P015,4.0,2024-04-21
U131,P134,5.0,2024-04-10
U131,P012,5.0,2024-11-29
U131,P141,3.5,2024-07-04
U131,P026,5.0,2024-10-21
U131,P020,3.5,2024-12-13
U131,P011,4.0,2024-07-11
U131,P002,4.5,2024-12-13
U131,P018,4.0,2024-01-29
U131,P013,3.5,2024-07-01
U131,P123,4.5,2024-04-01
U131,P130,3.5,2024-03-01
U131,P133,4.5,2024-11-28
U131,P091,3.5,2024-10-30
U131,P075,4.0,2024-03-17
U131,P146,4.0,2024-05-05
U131,P081,1.0,2024-03-01
U131,P040,2.5,2024-07-22
U131,P098,4.5,2024-06-03
U131,P139,2.0,2024-11-30
U131,P067,4.0,2024-12-20
U131,P120,1.5,2024-08-25
U131,P055,4.0,2024-05-20
U132,P029,4.5,2024-10-01
U132,P024,4.5,2024-09-07
U132,P001,3.5,2024-09-22
U132,P008,4.5,2024-10-02
U132,P141,5.0,2024-11-29
U132,P006,3.5,2024-04-16
U132,P136,5.0,2024-03-01
U132,P122,4.0,2024-11-02
U132,P123,5.0,2024-04-02
U132,P015,3.5,2024-10-11
U132,P002,4.5,2024-06-09
U132,P128,3.5,2024-01-21
U132,P127,4.0,2024-10-21
U132,P121,4.0,2024-11-30
U132,P018,4.0,2024-02-14
U132,P007,4.5,2024-05-11
U132,P012,3.5,2024-02-13
U132,P025,3.5,2024-09-16
U132,P016,4.0,2024-07-05
U132,P021,4.5,2024-03-28
U132,P023,4.5,2024-12-02
U132,P014,3.5,2024-05-07
U132,P010,4.0,2024-01-24
U132,P019,4.5,2024-05-30
U132,P047,5.0,2024-08-15
U132,P043,2.0,2024-10-22
U132,P072,4.5,2024-12-21
U132,P039,3.5,2024-09-24
U132,P137,3.5,2024-11-06
U132,P099,5.0,2024-09-18
U132,P054,2.5,2024-12-18
U132,P082,1.5,2024-12-05
U132,P120,1.0,2024-05-01
U132,P033,1.0,2024-04-06
U132,P081,2.0,2024-06-02
U133,P129,4.5,2024-12-21
U133,P126,4.0,2024-10-01
U133,P034,4.0,2024-02-06
U133,P128,5.0,2024-05-17
U133,P093,5.0,2024-12-22
U133,P038,5.0,2024-04-08
U133,P029,5.0,2024-07-09
U133,P098,4.5,2024-12-02
U133,P025,5.0,2024-09-18
U133,P037,4.5,2024-03-24
U133,P124,4.5,2024-03-19
U133,P095,4.0,2024-08-10
U133,P091,4.5,2024-01-14
U133,P041,2.5,2024-02-09
U133,P072,3.0,2024-03-04
U133,P079,5.0,2024-02-26
U133,P011,5.0,2024-07-27
U133,P053,1.5,2024-06-17
U133,P117,1.5,2024-07-04
U134,P028,4.5,2024-10-30
U134,P010,4.0,2024-05-12
U134,P025,3.5,2024-12-17
U134,P136,4.5,2024-12-31
U134,P001,4.0,2024-12-02
U134,P007,4.0,2024-03-14
U134,P095,4.5,2024-10-17
U134,P134,5.0,2024-05-16
U134,P109,3.5,2024-11-23
U134,P110,4.0,2024-12-28
U134,P008,4.0,2024-12-13
U134,P022,4.5,2024-08-02
U134,P030,5.0,2024-08-22
U134,P102,4.0,2024-08-12
U134,P004,4.0,2024-08-27
U134,P027,4.5,2024-05-26
U134,P104,4.0,2024-08-07
U134,P093,4.5,2024-04-27
U134,P029,4.0,2024-11-21
U134,P135,3.5,2024-06-05
U134,P133,4.5,2024-06-09
U134,P009,3.5,2024-11-20
U134,P103,3.5,2024-02-09
U134,P101,5.0,2024-05-02
U134,P002,3.5,2024-03-25
U134,P006,4.5,2024-01-30
U134,P021,3.5,2024-05-26
U134,P142,5.0,2024-09-09
U134,P070,1.0,2024-08-05
U134,P044,5.0,2024-03-10
U134,P065,4.5,2024-09-11
U134,P149,5.0,2024-12-16
U134,P140,5.0,2024-12-23
U134,P127,1.5,2024-07-26
U134,P146,1.0,2024-11-11
U134,P089,2.5,2024-01-04
U134,P111,4.0,2024-12-25
U134,P117,5.0,2024-06-25
U134,P072,2.5,2024-12-04
U135,P129,4.5,2024-04-21
U135,P003,4.0,2024-11-25
U135,P144,4.5,2024-01-19
U135,P029,4.5,2024-11-12
U135,P011,4.5,2024-01-30
U135,P135,4.0,2024-01-04
U135,P124,4.5,2024-08-23
U135,P015,4.0,2024-06-01
U135,P012,4.0,2024-02-24
U135,P005,3.5,2024-06-28
U135,P024,5.0,2024-04-05
U135,P009,4.5,2024-06-30
U135,P123,3.5,2024-02-21
U135,P023,4.5,2024-09-08
U135,P004,4.0,2024-02-13
U135,P028,4.5,2024-09-20
U135,P122,4.0,2024-07-29
U135,P025,3.5,2024-09-06
U135,P006,3.5,2024-03-20
U135,P132,5.0,2024-05-08
U135,P125,4.0,2024-08-28
U135,P136,4.5,2024-07-10
U135,P022,4.0,2024-07-05
U135,P008,4.5,2024-04-03
U135,P018,4.5,2024-05-17
U135,P148,1.5,2024-08-12
U135,P046,4.5,2024-03-23
U135,P068,2.0,2024-06-30
U135,P069,4.0,2024-01-03
U135,P092,3.5,2024-12-29
U135,P064,2.5,2024-02-26
U135,P058,2.5,2024-05-25
U135,P031,1.0,2024-03-09
U135,P140,4.0,2024-08-03
U135,P111,3.5,2024-01-17
U135,P103,2.0,2024-12-07
U136,P146,4.5,2024-01-05
U136,P038,4.5,2024-09-02
U136,P028,4.0,2024-05-24
U136,P097,4.5,2024-02-12
U136,P122,4.5,2024-05-06
U136,P126,4.5,2024-03-19
U136,P129,5.0,2024-09-18
U136,P029,4.0,2024-05-07
U136,P091,4.0,2024-02-28
U136,P096,4.0,2024-12-24
U136,P123,4.0,2024-12-07
U136,P095,4.5,2024-04-11
U136,P025,4.5,2024-12-27
U136,P024,3.5,2024-12-24
U136,P100,5.0,2024-09-14
U136,P124,4.5,2024-04-02
U136,P021,4.0,2024-10-29
U136,P121,5.0,2024-11-20
U136,P098,4.0,2024-04-27
U136,P032,3.5,2024-03-08
U136,P037,4.5,2024-01-20
U136,P002,3.0,2024-04-08
U136,P140,2.0,2024-08-06
U136,P118,1.0,2024-11-11
U136,P051,2.5,2024-02-16
U136,P007,1.0,2024-07-13
U136,P117,4.0,2024-09-25
U136,P150,3.0,2024-12-24
U136,P064,2.5,2024-04-23
U136,P075,3.5,2024-08-06
U137,P113,3.5,2024-01-27
U137,P068,5.0,2024-06-13
U137,P133,4.0,2024-05-26
U137,P004,4.5,2024-05-23
U137,P020,4.5,2024-02-21
U137,P008,4.5,2024-04-04
U137,P018,4.0,2024-09-08
U137,P064,4.0,2024-06-20
U137,P138,4.0,2024-02-27
U137,P063,3.5,2024-12-08
U137,P067,3.5,2024-12-15
U137,P052,5.0,2024-03-07
U137,P071,3.5,2024-07-03
U137,P027,3.5,2024-10-28
U137,P044,5.0,2024-11-05
U137,P026,3.5,2024-05-01
U138,P034,3.5,2024-03-06
U138,P128,4.0,2024-08-02
U138,P095,4.5,2024-12-30
U138,P026,4.0,2024-10-13
U138,P027,4.0,2024-07-06
U138,P029,4.5,2024-11-18
U138,P028,5.0,2024-03-01
U138,P023,4.5,2024-02-04
U138,P033,4.5,2024-08-02
U138,P125,4.5,2024-09-14
U138,P099,3.5,2024-03-26
U138,P129,4.5,2024-05-20
U138,P126,5.0,2024-03-07
U138,P038,4.0,2024-01-24
U138,P040,4.5,2024-02-01
U138,P031,5.0,2024-04-07
U138,P059,4.0,2024-09-10
U138,P133,5.0,2024-09-19
U138,P081,1.5,2024-03-25
U138,P139,4.5,2024-09-17
U138,P046,4.0,2024-10-14
U138,P089,4.0,2024-07-24
U138,P020,3.0,2024-04-15
U139,P011,4.0,2024-10-09
U139,P127,3.5,2024-03-28
U139,P014,4.0,2024-01-24
U139,P128,4.5,2024-05-01
U139,P136,4.0,2024-01-21
U139,P001,5.0,2024-03-16
U139,P123,4.0,2024-03-09
U139,P030,4.0,2024-01-27
U139,P134,5.0,2024-05-07
U139,P124,4.0,2024-09-30
U139,P064,1.5,2024-01-01
U139,P069,3.5,2024-11-19
U139,P059,3.5,2024-06-15
U139,P068,1.5,2024-12-27
U139,P131,5.0,2024-05-15
U140,P067,5.0,2024-07-14
U140,P120,5.0,2024-05-11
U140,P019,5.0,2024-11-20
U140,P061,4.5,2024-10-09
U140,P004,4.0,2024-08-14
U140,P132,4.0,2024-06-15
U140,P001,4.0,2024-04-14
U140,P063,4.5,2024-11-18
U140,P015,4.5,2024-03-20
U140,P018,4.5,2024-04-28
U140,P012,5.0,2024-08-10
U140,P017,4.0,2024-03-16
U140,P002,4.5,2024-02-17
U140,P099,4.5,2024-04-02
U140,P125,4.5,2024-04-04
U140,P105,2.0,2024-04-06
U140,P034,4.5,2024-04-02
U140,P145,3.0,2024-01-11
U140,P148,3.0,2024-03-24
U141,P135,4.0,2024-03-14
U141,P119,5.0,2024-11-03
U141,P013,3.5,2024-01-05
U141,P005,3.5,2024-10-04
U141,P010,5.0,2024-06-22
U141,P141,5.0,2024-02-13
U141,P068,4.0,2024-03-12
U141,P016,4.5,2024-10-15
U141,P070,4.5,2024-03-24
U141,P133,4.0,2024-06-18
U141,P066,4.5,2024-03-20
U141,P007,4.0,2024-01-29
U141,P114,4.5,2024-12-20
U141,P009,4.0,2024-11-17
U141,P001,4.5,2024-03-04
U141,P132,3.5,2024-01-23
U141,P065,3.5,2024-10-05
U141,P116,4.0,2024-02-22
U141,P023,5.0,2024-07-31
U141,P035,2.0,2024-01-01
U141,P022,2.5,2024-01-13
U141,P150,2.5,2024-08-06
U141,P123,4.0,2024-03-16
U141,P026,3.5,2024-12-01
U141,P037,3.0,2024-04-25
U141,P052,4.0,2024-12-17
U141,P031,1.5,2024-09-08
U142,P035,4.5,2024-03-17
U142,P027,5.0,2024-12-17
U142,P039,4.0,2024-11-15
U142,P093,4.0,2024-06-27
U142,P025,3.5,2024-05-18
U142,P092,4.5,2024-12-04
U142,P028,4.0,2024-05-15
U142,P094,5.0,2024-02-09
U142,P026,3.5,2024-03-17
U142,P023,5.0,2024-03-16
U142,P030,4.0,2024-03-16
U142,P032,4.5,2024-08-16
U142,P075,4.5,2024-02-04
U142,P088,1.5,2024-10-22
U142,P063,4.0,2024-05-22
U142,P107,2.0,2024-02-16
U142,P044,3.5,2024-03-06
U142,P117,2.0,2024-07-16
U143,P102,5.0,2024-02-14
U143,P098,4.0,2024-07-04
U143,P101,3.5,2024-04-14
U143,P097,3.5,2024-07-04
U143,P109,4.5,2024-08-30
U143,P092,4.0,2024-02-26
U143,P009,3.5,2024-06-27
U143,P026,4.0,2024-03-12
U143,P095,4.0,2024-08-23
U143,P133,4.0,2024-10-09
U143,P136,4.5,2024-05-04
U143,P105,4.0,2024-04-24
U143,P025,3.5,2024-03-11
U143,P107,3.5,2024-12-22
U143,P003,5.0,2024-03-14
U143,P029,4.5,2024-01-14
U143,P093,5.0,2024-08-05
U143,P074,3.5,2024-01-28
U143,P088,1.5,2024-12-05
U143,P114,1.5,2024-09-01
U143,P145,2.0,2024-01-16
U143,P129,2.0,2024-07-06
U143,P149,2.0,2024-02-10
U143,P141,2.5,2024-02-09
U143,P049,1.0,2024-10-18
U144,P141,4.5,2024-03-29
U144,P012,4.5,2024-03-23
U144,P111,3.5,2024-07-21
U144,P140,4.5,2024-12-14
U144,P009,4.5,2024-10-10
U144,P114,5.0,2024-05-12
U144,P137,4.5,2024-09-13
U144,P020,4.0,2024-12-29
U144,P142,4.0,2024-08-04
U144,P067,4.0,2024-05-19
U144,P062,3.5,2024-09-24
U144,P069,4.5,2024-03-05
U144,P001,5.0,2024-04-18
U144,P057,4.0,2024-11-12
U144,P035,1.0,2024-04-22
U144,P040,4.0,2024-04-04
U144,P028,5.0,2024-11-05
U144,P123,1.5,2024-12-20
U144,P025,4.5,2024-09-01
U145,P145,4.5,2024-01-23
U145,P046,4.5,2024-09-04
U145,P045,3.5,2024-01-25
U145,P031,4.0,2024-02-17
U145,P024,4.0,2024-01-05
U145,P044,4.0,2024-05-24
U145,P048,4.5,2024-09-13
U145,P033,4.0,2024-06-10
U145,P038,4.5,2024-07-01
U145,P027,4.0,2024-12-25
U145,P076,5.0,2024-02-19
U145,P025,4.0,2024-07-27
U145,P080,5.0,2024-09-14
U145,P042,3.5,2024-09-14
U145,P021,4.0,2024-01-13
U145,P028,4.5,2024-07-14
U145,P030,4.5,2024-10-27
U145,P026,3.5,2024-05-28
U145,P077,4.0,2024-03-18
U145,P136,5.0,2024-08-25
U145,P023,3.5,2024-11-16
U145,P075,3.5,2024-04-28
U145,P040,4.0,2024-12-14
U145,P071,5.0,2024-03-13
U145,P138,2.0,2024-09-13
U145,P070,5.0,2024-11-07
U145,P055,5.0,2024-06-23
U145,P111,4.5,2024-03-08
U145,P056,3.5,2024-05-28
U145,P122,3.5,2024-11-15
U145,P005,4.0,2024-01-21
U145,P061,4.0,2024-05-02
U145,P065,2.5,2024-11-08
U145,P011,1.5,2024-03-19
U145,P113,4.5,2024-02-19
U146,P040,4.5,2024-05-12
U146,P126,4.5,2024-05-11
U146,P026,4.5,2024-11-28
U146,P122,4.0,2024-03-04
U146,P027,4.5,2024-09-06
U146,P100,3.5,2024-07-05
U146,P091,4.0,2024-07-24
U146,P031,4.5,2024-11-13
U146,P039,5.0,2024-03-07
U146,P145,4.5,2024-07-06
U146,P025,4.5,2024-11-15
U146,P038,4.0,2024-07-10
U146,P125,3.5,2024-12-15
U146,P067,4.0,2024-09-16
U146,P066,4.5,2024-05-14
U146,P012,1.0,2024-11-13
U146,P010,1.0,2024-05-05
U146,P043,5.0,2024-01-05
U146,P131,2.0,2024-02-23
U147,P021,4.5,2024-04-18
U147,P107,5.0,2024-08-31
U147,P096,3.5,2024-05-22
U147,P005,4.5,2024-01-20
U147,P025,4.5,2024-03-20
U147,P095,4.5,2024-03-15
U147,P100,5.0,2024-04-19
U147,P006,4.0,2024-10-17
U147,P093,3.5,2024-11-03
U147,P109,4.5,2024-02-01
U147,P106,4.0,2024-08-08
U147,P105,4.5,2024-04-19
U147,P007,3.5,2024-04-18
U147,P108,3.5,2024-12-16
U147,P102,4.5,2024-05-18
U147,P094,4.0,2024-11-21
U147,P004,4.0,2024-02-12
U147,P023,4.0,2024-02-05
U147,P144,3.0,2024-07-26
U147,P076,1.5,2024-06-01
U147,P046,4.5,2024-08-02
U147,P072,5.0,2024-04-19
U147,P063,3.0,2024-04-04
U147,P019,1.0,2024-02-17
U147,P061,4.0,2024-06-24
U147,P064,3.0,2024-03-25
U147,P118,2.5,2024-06-27
U148,P121,4.5,2024-03-05
U148,P125,5.0,2024-08-18
U148,P136,5.0,2024-10-23
U148,P011,3.5,2024-01-19
U148,P142,4.0,2024-04-06
U148,P028,4.5,2024-12-22
U148,P023,4.5,2024-03-26
U148,P127,4.5,2024-07-12
U148,P025,4.0,2024-06-27
U148,P001,4.0,2024-04-07
U148,P126,5.0,2024-10-22
U148,P013,3.5,2024-07-08
U148,P005,4.0,2024-01-09
U148,P010,4.0,2024-06-06
U148,P021,4.5,2024-03-04
U148,P143,5.0,2024-09-12
U148,P130,5.0,2024-08-21
U148,P129,4.5,2024-07-29
U148,P029,4.0,2024-06-29
U148,P015,4.5,2024-08-06
U148,P133,4.5,2024-06-20
U148,P094,1.5,2024-03-31
U148,P071,4.5,2024-08-07
U148,P045,3.5,2024-03-31
U148,P117,5.0,2024-10-31
U148,P083,2.0,2024-10-04
U148,P064,4.0,2024-07-14
U148,P097,3.0,2024-12-03
U148,P138,4.0,2024-11-20
U148,P031,3.0,2024-12-25
U149,P026,4.5,2024-04-18
U149,P027,4.0,2024-08-20
U149,P148,4.5,2024-07-14
U149,P145,3.5,2024-04-10
U149,P022,4.5,2024-03-04
U149,P080,4.0,2024-08-25
U149,P047,4.5,2024-11-26
U149,P147,5.0,2024-07-21
U149,P072,3.5,2024-07-10
U149,P075,4.0,2024-09-16
U149,P078,4.0,2024-05-17
U149,P049,5.0,2024-05-15
U149,P105,3.0,2024-07-31
U149,P115,2.5,2024-01-03
U149,P149,4.0,2024-01-17
U149,P005,1.0,2024-01-14
U149,P126,2.0,2024-07-10
U149,P068,5.0,2024-11-03
U150,P051,3.5,2024-11-19
U150,P117,4.5,2024-07-19
U150,P068,5.0,2024-05-13
U150,P056,4.5,2024-03-22
U150,P116,4.0,2024-04-14
U150,P066,3.5,2024-02-17
U150,P053,3.5,2024-08-11
U150,P120,3.5,2024-11-17
U150,P139,4.5,2024-03-19
U150,P014,3.5,2024-11-12
U150,P143,5.0,2024-10-05
U150,P142,3.5,2024-10-19
U150,P019,4.5,2024-01-13
U150,P065,5.0,2024-03-07
U150,P052,4.5,2024-11-20
U150,P131,5.0,2024-07-02
U150,P061,4.0,2024-05-02
U150,P097,2.5,2024-06-01
U150,P031,2.5,2024-10-01
U150,P086,2.5,2024-07-12
U150,P040,3.0,2024-12-03
U150,P023,1.0,2024-05-20
U150,P132,1.5,2024-03-14
U150,P027,1.0,2024-11-22
U150,P095,1.5,2024-02-26
